1,0
0,1
1,0
0,1
1,1
1,0
1,-1
1,-2
0,-2
1,-2
0,-2
-1,-2
-2,-2
-3,-2
-4,-2
-5,-1
-6,0
-7,0
-6,-1
-5,-1
-6,0
-7,1
-8,2
-9,3
-10,4
-11,5
-11,6
-11,7
-11,6
-12,7
-12,8
-12,9
-13,10
-13,11
-13,12
-13,13
-13,14
-12,14
-12,15
-12,16
-11,16
-11,17
-11,18
-11,17
-11,18
-10,17
-9,17
-8,17
-7,17
-7,18
-6,17
-5,17
-4,17
-3,17
-2,17
-1,16
0,16
1,16
2,16
3,16
4,16
5,16
6,16
5,16
6,16
7,16
7,15
8,14
9,13
10,12
10,11
11,11
12,11
13,10
14,10
15,10
14,10
15,10
16,9
17,8
18,7
19,6
20,5
21,4
21,3
21,2
22,1
23,0
24,0
25,-1
26,-2
27,-3
28,-4
29,-4
30,-5
31,-6
31,-7
32,-8
33,-9
33,-10
33,-9
33,-10
34,-11
34,-12
35,-12
36,-13
37,-14
36,-13
37,-13
37,-14
37,-13
37,-14
38,-15
39,-16
39,-17
40,-18
41,-19
42,-20
42,-21
41,-21
42,-22
42,-23
42,-24
42,-25
42,-24
43,-25
44,-26
44,-27
45,-28
45,-29
46,-30
47,-31
47,-32
48,-33
49,-34
49,-35
49,-36
50,-36
50,-37
50,-38
51,-39
51,-38
51,-39
51,-40
51,-41
51,-42
50,-42
50,-43
50,-44
50,-43
50,-44
49,-44
49,-43
49,-44
49,-45
49,-46
49,-47
49,-48
48,-48
48,-49
48,-50
48,-51
48,-52
48,-53
47,-53
47,-54
48,-55
49,-55
49,-56
49,-57
49,-58
49,-59
49,-60
48,-60
48,-61
47,-61
47,-62
46,-61
45,-61
45,-62
45,-63
44,-63
43,-63
42,-62
42,-63
41,-63
42,-64
41,-64
40,-64
39,-64
39,-65
40,-66
40,-67
39,-67
40,-68
39,-67
38,-67
38,-68
38,-67
38,-68
37,-68
37,-67
36,-67
36,-66
35,-66
34,-66
33,-66
32,-65
31,-64
30,-64
29,-64
28,-64
28,-65
27,-65
27,-66
26,-66
25,-66
24,-66
23,-66
22,-66
21,-66
20,-66
21,-67
21,-66
20,-65
20,-66
21,-67
20,-67
19,-67
20,-68
19,-68
20,-69
19,-69
18,-68
17,-68
17,-69
16,-69
15,-69
14,-69
13,-69
13,-70
13,-71
12,-71
12,-70
11,-69
10,-68
11,-69
10,-69
9,-68
8,-68
7,-68
6,-68
5,-67
6,-67
6,-68
5,-68
4,-67
4,-66
3,-65
3,-64
2,-64
1,-63
2,-63
2,-62
2,-61
1,-61
0,-60
-1,-60
-2,-59
-3,-58
-3,-57
-4,-56
-5,-55
-6,-54
-5,-55
-6,-54
-7,-54
-6,-55
-7,-54
-8,-54
-9,-53
-10,-52
-11,-51
-12,-50
-13,-50
-14,-49
-14,-48
-15,-48
-16,-47
-17,-46
-18,-45
-19,-44
-20,-43
-21,-42
-22,-42
-23,-41
-24,-40
-25,-40
-26,-39
-27,-39
-28,-38
-29,-38
-30,-37
-31,-37
-32,-37
-33,-36
-34,-35
-35,-34
-36,-34
-37,-33
-36,-34
-37,-33
-38,-32
-39,-31
-40,-30
-41,-29
-42,-28
-43,-27
-44,-26
-45,-25
-46,-24
-47,-23
-47,-24
-48,-23
-49,-22
-50,-21
-51,-21
-50,-22
-51,-21
-52,-20
-53,-19
-54,-18
-55,-17
-56,-16
-56,-15
-57,-14
-58,-14
-59,-13
-60,-12
-61,-11
-62,-10
-63,-9
-64,-8
-65,-7
-65,-6
-66,-5
-67,-4
-68,-3
-69,-3
-69,-4
-68,-4
-69,-3
-70,-2
-70,-3
-69,-4
-68,-4
-69,-3
-70,-2
-71,-1
-72,0
-73,1
-74,1
-75,2
-74,2
-73,1
-74,2
-75,3
-76,4
-76,3
-76,4
-75,4
-75,5
-76,6
-77,7
-77,8
-77,7
-78,8
-77,7
-78,8
-78,7
-79,7
-79,8
-79,9
-80,10
-80,11
-81,12
-82,13
-83,14
-83,15
-83,16
-84,17
-84,18
-85,19
-86,20
-86,21
-85,21
-85,20
-85,21
-85,22
-85,23
-86,23
-87,24
-88,25
-87,25
-86,25
-86,26
-87,27
-87,28
-88,29
-88,30
-88,31
-87,30
-88,31
-88,32
-88,31
-88,32
-89,33
-89,34
-89,35
-90,36
-89,35
-90,35
-91,36
-91,37
-92,38
-92,39
-92,40
-93,40
-93,41
-93,42
-93,43
-94,44
-94,45
-95,46
-95,47
-95,48
-95,49
-95,50
-94,50
-94,51
-94,52
-95,53
-95,54
-96,55
-96,56
-96,57
-96,58
-97,59
-97,60
-97,59
-98,60
-98,61
-98,62
-97,61
-98,61
-98,62
-98,63
-98,64
-97,64
-96,63
-96,64
-96,65
-95,64
-95,63
-95,64
-95,65
-95,66
-96,67
-96,68
-96,69
-96,70
-95,70
-95,71
-95,72
-95,73
-95,74
-95,75
-95,74
-95,75
-95,76
-95,77
-95,78
-95,79
-95,80
-95,81
-95,82
-95,83
-94,83
-94,84
-94,85
-94,86
-94,87
-93,87
-93,88
-92,88
-91,87
-91,88
-91,89
-91,90
-91,91
-92,91
-93,91
-93,92
-93,93
-92,93
-92,94
-92,95
-92,96
-93,96
-92,96
-92,97
-92,98
-92,97
-91,97
-91,98
-90,98
-90,99
-89,99
-88,99
-88,100
-88,99
-89,100
-90,100
-90,101
-90,102
-89,102
-88,102
-88,103
-88,104
-88,105
-88,106
-88,107
-88,108
-89,109
-88,109
-88,110
-88,111
-88,112
-88,113
-87,113
-87,114
-86,114
-85,114
-85,115
-84,114
-84,115
-84,114
-84,115
-84,116
-84,117
-84,118
-84,119
-84,118
-84,119
-83,119
-83,120
-83,121
-82,121
-83,121
-82,121
-81,121
-80,121
-80,122
-79,122
-80,123
-79,123
-79,124
-79,125
-79,126
-78,125
-78,126
-77,125
-76,125
-75,125
-74,125
-73,124
-72,124
-72,125
-72,126
-71,126
-72,127
-72,128
-72,129
-72,130
-71,130
-72,130
-72,131
-71,131
-72,132
-73,133
-72,133
-71,133
-70,133
-69,133
-68,133
-69,133
-68,132
-67,132
-66,132
-65,132
-64,132
-64,133
-63,133
-63,134
-63,135
-64,135
-63,135
-64,136
-64,137
-63,137
-62,137
-61,137
-60,137
-59,137
-60,137
-59,137
-59,138
-58,138
-58,139
-57,139
-58,140
-57,140
-56,140
-57,140
-56,140
-57,141
-58,142
-57,142
-56,142
-55,142
-54,142
-54,143
-55,143
-54,142
-53,142
-52,142
-51,142
-50,142
-49,142
-48,142
-47,142
-47,143
-47,144
-48,144
-47,144
-46,144
-45,143
-45,144
-44,144
-45,144
-44,144
-43,144
-42,144
-42,145
-41,145
-40,145
-39,145
-38,145
-39,145
-38,145
-37,145
-36,145
-35,145
-36,145
-35,145
-34,145
-33,145
-32,145
-31,145
-32,146
-31,146
-30,146
-29,146
-28,146
-27,146
-26,146
-27,147
-26,147
-25,147
-24,146
-23,146
-22,146
-21,145
-20,145
-19,145
-18,145
-17,145
-16,145
-15,145
-15,144
-14,143
-14,142
-13,142
-12,142
-11,142
-11,143
-10,143
-9,143
-9,144
-8,144
-7,144
-6,144
-7,145
-6,145
-6,144
-5,144
-4,144
-3,144
-2,144
-1,144
0,144
1,144
2,144
3,144
4,144
5,144
6,144
7,144
8,143
9,143
10,143
11,143
12,143
13,143
14,142
15,142
16,142
16,141
16,140
15,141
16,141
17,141
18,141
19,140
20,140
20,139
20,140
21,139
21,140
22,140
23,140
23,139
24,138
25,137
26,136
27,136
28,136
29,136
30,135
29,135
30,134
31,134
32,134
31,135
32,135
33,134
34,134
35,134
36,134
37,134
38,133
39,133
38,134
39,134
40,134
41,134
42,133
43,133
44,132
44,131
45,130
46,129
47,129
48,129
49,129
50,129
51,129
51,128
52,128
53,128
54,128
55,128
56,128
57,128
58,128
59,128
58,129
59,129
60,129
61,128
60,128
61,128
62,127
63,127
62,128
63,127
63,128
64,127
64,128
65,128
66,128
67,128
68,128
68,127
69,126
70,126
71,125
72,124
73,124
74,124
75,124
76,124
77,124
78,123
79,123
80,122
81,122
82,121
83,121
84,120
85,119
86,118
87,118
86,119
87,119
86,120
87,120
88,120
89,119
89,118
90,118
90,117
90,118
91,117
90,117
91,117
92,116
93,116
94,116
95,116
96,115
97,114
98,114
99,114
100,113
101,112
102,111
103,110
104,110
104,111
103,111
104,111
105,110
106,110
105,110
104,110
103,111
103,110
104,109
105,108
106,108
107,107
107,108
108,108
109,107
109,106
108,106
109,106
110,105
111,104
111,103
112,102
113,101
114,100
115,99
116,98
115,98
116,98
117,97
117,96
118,95
119,94
119,93
120,92
121,92
122,91
123,91
124,91
125,90
126,90
127,89
128,89
129,88
130,87
131,87
132,87
133,87
134,86
135,86
136,85
136,86
137,85
138,84
139,83
139,82
140,82
141,81
142,80
143,80
143,79
143,78
142,79
143,79
144,78
145,77
146,77
147,76
148,75
149,74
150,73
151,72
152,71
153,70
153,69
154,68
155,67
154,67
155,66
154,66
155,65
156,64
157,63
158,63
159,62
159,61
160,60
161,59
162,58
163,57
164,56
165,55
166,54
167,53
168,53
169,52
169,51
170,50
171,49
172,48
173,47
172,47
172,48
173,47
174,46
175,45
176,45
177,44
178,43
179,42
180,41
180,40
181,39
182,38
181,38
182,37
183,36
184,35
183,35
184,34
184,35
185,34
186,33
187,32
188,31
189,30
188,31
189,30
190,29
189,29
190,28
191,27
191,26
192,25
193,24
194,23
195,23
196,22
197,21
198,20
199,19
199,18
200,17
201,16
202,15
203,14
203,13
204,12
205,11
206,10
206,9
207,8
208,7
208,6
209,5
210,4
211,3
212,2
213,1
214,0
215,-1
216,-2
217,-3
218,-4
218,-3
219,-4
219,-5
220,-6
221,-7
222,-8
223,-9
224,-10
225,-10
226,-11
227,-12
228,-13
229,-13
230,-14
231,-15
232,-16
233,-17
233,-16
234,-17
235,-18
236,-19
237,-20
238,-21
239,-22
240,-23
241,-24
242,-25
243,-26
243,-27
243,-28
244,-29
245,-29
245,-30
246,-31
246,-32
247,-33
247,-34
248,-35
249,-36
249,-37
249,-38
249,-39
250,-40
250,-41
251,-42
252,-43
253,-43
253,-44
253,-45
254,-46
255,-47
256,-48
256,-49
256,-50
257,-51
258,-52
259,-53
259,-54
260,-55
261,-56
262,-56
262,-57
262,-56
262,-57
262,-58
263,-59
264,-59
265,-60
266,-61
265,-61
266,-62
267,-63
268,-64
269,-65
269,-66
269,-65
269,-66
269,-67
268,-67
267,-67
268,-68
268,-69
269,-70
270,-70
271,-71
272,-72
273,-73
273,-74
274,-75
274,-74
274,-75
274,-76
273,-76
274,-77
275,-78
276,-79
276,-80
277,-81
278,-82
278,-83
277,-83
277,-84
277,-85
278,-86
279,-87
278,-86
278,-87
278,-88
279,-89
278,-88
278,-87
278,-88
279,-89
279,-90
280,-91
281,-92
280,-92
280,-93
280,-94
281,-95
282,-96
282,-97
283,-98
283,-97
282,-96
283,-97
284,-98
284,-99
284,-100
284,-101
285,-102
285,-103
285,-104
286,-105
286,-106
287,-107
288,-108
288,-109
288,-108
288,-109
289,-110
289,-111
290,-112
290,-113
289,-113
288,-112
289,-112
289,-113
289,-114
290,-115
291,-116
292,-117
293,-118
293,-119
294,-120
295,-121
295,-122
295,-123
295,-124
296,-125
297,-126
298,-127
297,-127
298,-128
299,-129
299,-128
300,-129
301,-130
301,-129
301,-130
302,-131
303,-132
303,-133
303,-134
304,-135
305,-135
304,-135
305,-136
306,-137
306,-138
307,-139
307,-140
307,-141
308,-142
309,-143
309,-144
310,-145
311,-146
311,-147
311,-148
310,-147
311,-148
312,-149
312,-150
313,-151
313,-150
313,-151
313,-150
313,-149
314,-150
314,-151
315,-152
316,-153
317,-154
316,-154
316,-155
316,-156
316,-155
316,-156
316,-157
317,-158
318,-158
319,-159
318,-158
319,-159
319,-160
319,-161
319,-162
319,-163
319,-164
320,-165
321,-165
321,-166
322,-167
322,-168
323,-169
323,-168
322,-168
321,-167
321,-168
321,-169
321,-170
321,-171
320,-170
321,-171
320,-171
321,-172
321,-173
321,-174
320,-174
320,-175
319,-174
320,-175
319,-174
319,-175
319,-176
318,-175
318,-174
318,-175
317,-175
318,-176
318,-177
317,-176
317,-177
318,-178
319,-179
319,-178
320,-178
320,-179
320,-180
320,-181
320,-182
321,-183
321,-184
322,-185
322,-186
323,-187
323,-188
323,-189
323,-190
324,-191
324,-192
324,-193
324,-194
323,-194
323,-195
323,-196
323,-197
324,-198
324,-199
324,-200
324,-201
324,-202
325,-203
325,-204
325,-205
325,-206
326,-206
327,-207
327,-208
328,-209
328,-210
328,-211
328,-212
329,-213
329,-212
329,-213
330,-214
331,-215
331,-216
332,-217
333,-217
333,-218
333,-217
333,-218
333,-219
334,-220
335,-220
335,-221
335,-222
335,-223
335,-224
335,-225
335,-226
335,-227
335,-228
335,-229
335,-230
335,-231
335,-232
335,-233
334,-232
335,-233
335,-234
335,-233
336,-234
336,-235
337,-236
337,-237
338,-237
338,-238
338,-239
338,-240
339,-240
339,-239
339,-240
339,-241
339,-242
339,-243
339,-244
339,-245
339,-246
339,-247
339,-248
339,-249
339,-250
339,-251
339,-252
339,-253
339,-254
339,-255
340,-256
340,-257
340,-258
340,-257
340,-258
340,-257
340,-258
340,-259
340,-260
340,-261
340,-262
340,-263
340,-264
340,-265
340,-266
340,-267
340,-268
340,-269
340,-270
340,-271
340,-272
340,-273
340,-274
340,-275
340,-276
340,-277
340,-278
340,-279
340,-280
340,-281
340,-282
340,-283
340,-284
340,-285
340,-286
340,-287
340,-288
340,-289
340,-290
340,-289
340,-290
340,-291
340,-292
340,-293
340,-294
340,-295
340,-296
340,-297
340,-298
339,-298
339,-299
338,-298
337,-298
337,-299
336,-298
336,-299
336,-300
336,-301
335,-300
335,-301
336,-302
335,-301
335,-302
335,-303
335,-304
335,-305
335,-306
335,-307
334,-307
334,-308
334,-309
333,-308
333,-309
332,-309
332,-310
332,-311
331,-311
331,-312
331,-313
331,-314
331,-315
332,-315
332,-316
332,-317
332,-318
331,-318
330,-318
330,-319
329,-319
329,-320
329,-321
329,-322
329,-323
330,-324
330,-325
330,-326
329,-326
328,-326
328,-327
328,-328
328,-329
328,-330
328,-331
328,-330
327,-329
327,-330
327,-331
327,-332
328,-332
328,-333
328,-332
328,-333
328,-334
327,-334
327,-335
327,-336
327,-337
327,-338
327,-339
327,-340
327,-339
327,-340
327,-341
328,-341
328,-342
329,-342
328,-342
328,-343
329,-343
328,-343
328,-344
328,-345
329,-345
329,-346
329,-347
329,-348
329,-349
329,-350
328,-350
328,-351
328,-352
328,-353
328,-354
327,-354
326,-354
325,-354
324,-354
324,-355
325,-356
324,-356
324,-357
324,-358
324,-359
324,-360
324,-361
324,-362
324,-363
324,-364
324,-365
324,-364
323,-364
323,-365
323,-366
323,-367
322,-367
322,-368
321,-368
320,-368
320,-367
321,-367
321,-368
321,-369
321,-370
321,-371
321,-372
321,-373
321,-374
321,-375
321,-376
321,-375
321,-376
320,-376
319,-376
319,-377
319,-378
319,-379
318,-379
318,-380
318,-381
318,-382
317,-382
317,-383
317,-384
318,-385
317,-385
317,-386
316,-386
315,-386
314,-386
314,-387
315,-387
314,-386
313,-386
313,-385
313,-386
313,-387
312,-387
312,-388
312,-389
312,-390
311,-389
311,-390
311,-391
310,-391
310,-392
311,-393
310,-393
309,-393
308,-393
308,-394
307,-394
307,-395
307,-396
307,-395
308,-395
308,-396
307,-395
307,-396
307,-397
307,-398
307,-397
308,-397
308,-398
308,-399
307,-399
306,-399
305,-399
304,-398
304,-399
304,-400
303,-400
303,-401
302,-401
301,-401
300,-401
300,-402
299,-402
298,-402
299,-403
300,-404
300,-405
300,-406
300,-407
300,-408
300,-409
299,-409
300,-410
300,-411
300,-412
299,-412
299,-413
299,-414
298,-413
298,-414
298,-415
297,-415
296,-415
296,-416
296,-417
296,-418
296,-419
296,-420
295,-420
295,-419
294,-419
293,-419
292,-419
291,-419
290,-419
289,-419
289,-420
288,-420
288,-421
288,-422
289,-423
288,-423
288,-424
287,-424
286,-424
285,-424
284,-424
284,-425
284,-424
284,-425
284,-426
283,-426
283,-427
282,-426
282,-427
282,-428
283,-428
282,-427
281,-427
280,-427
279,-427
278,-427
278,-428
278,-429
278,-430
278,-431
278,-432
277,-432
277,-433
277,-434
277,-435
276,-435
275,-435
275,-436
274,-436
274,-437
274,-438
274,-439
273,-439
272,-439
272,-440
272,-441
272,-442
271,-441
270,-441
270,-442
269,-442
270,-442
270,-443
269,-443
268,-443
267,-442
267,-443
266,-443
266,-444
265,-444
264,-443
263,-443
264,-443
265,-443
264,-443
263,-443
262,-443
261,-443
261,-444
260,-444
260,-445
259,-445
260,-446
260,-445
260,-446
260,-447
259,-447
258,-447
259,-448
258,-447
257,-447
256,-447
255,-447
256,-447
255,-447
254,-447
255,-448
254,-448
253,-448
254,-449
254,-450
255,-450
255,-451
256,-452
255,-451
254,-451
253,-451
252,-451
251,-451
251,-452
251,-453
250,-453
249,-453
248,-453
249,-454
248,-454
247,-453
246,-453
247,-454
248,-454
248,-455
247,-455
246,-455
246,-454
246,-455
246,-456
245,-456
244,-455
244,-456
243,-456
242,-456
241,-456
241,-457
242,-457
241,-457
240,-456
240,-455
239,-455
239,-454
238,-454
238,-455
237,-455
236,-455
235,-455
235,-456
234,-456
234,-457
234,-458
234,-459
233,-458
233,-459
232,-459
233,-460
232,-460
231,-460
231,-461
230,-461
230,-462
230,-463
230,-464
229,-464
228,-464
228,-463
227,-463
226,-463
225,-463
226,-463
225,-463
226,-464
225,-464
225,-465
224,-464
225,-464
226,-464
226,-465
226,-466
226,-467
225,-467
226,-467
225,-467
224,-467
223,-467
222,-467
221,-467
220,-467
221,-468
220,-468
220,-469
219,-469
218,-469
217,-469
217,-470
218,-470
218,-471
217,-471
216,-471
216,-472
215,-471
214,-471
213,-471
213,-472
212,-472
212,-473
212,-474
211,-474
211,-473
210,-473
210,-474
209,-474
208,-473
207,-472
206,-472
205,-472
204,-472
204,-473
205,-473
205,-474
204,-474
203,-474
202,-474
202,-475
202,-474
201,-474
200,-474
200,-475
199,-475
198,-475
197,-475
196,-475
196,-474
195,-474
194,-474
195,-474
194,-474
195,-474
194,-473
193,-473
193,-472
192,-471
192,-472
192,-473
191,-473
191,-474
190,-474
189,-474
188,-474
187,-474
186,-474
185,-474
184,-474
185,-475
184,-475
183,-475
182,-475
181,-474
180,-474
179,-474
179,-473
180,-473
179,-473
178,-473
177,-473
176,-473
177,-473
176,-473
175,-473
174,-473
173,-473
172,-473
172,-474
171,-474
170,-474
169,-474
168,-474
167,-474
166,-474
165,-474
164,-474
163,-474
164,-474
164,-475
163,-475
163,-474
163,-475
162,-475
161,-475
160,-475
159,-475
158,-475
157,-475
158,-475
158,-476
157,-476
156,-476
155,-475
155,-476
154,-476
153,-476
152,-476
151,-475
150,-475
149,-475
148,-475
147,-475
146,-475
145,-475
144,-475
145,-475
144,-475
143,-475
142,-475
141,-475
140,-475
139,-475
138,-475
137,-474
138,-475
137,-475
136,-475
135,-475
134,-475
135,-476
134,-476
133,-476
134,-477
133,-477
132,-477
133,-478
132,-478
131,-478
130,-477
129,-477
128,-477
127,-477
126,-477
125,-477
124,-477
123,-477
122,-477
121,-476
120,-476
121,-477
120,-477
120,-478
119,-478
118,-478
117,-478
117,-477
116,-477
115,-477
114,-476
113,-476
112,-476
111,-476
110,-476
109,-476
108,-475
107,-475
106,-475
105,-475
104,-475
103,-475
102,-475
101,-475
101,-474
102,-474
102,-473
101,-473
100,-473
99,-472
98,-472
97,-472
96,-472
95,-471
94,-471
93,-471
93,-470
93,-469
92,-469
91,-469
90,-469
89,-469
88,-469
89,-470
89,-469
88,-468
87,-468
86,-467
85,-466
86,-466
86,-465
86,-466
86,-465
85,-465
84,-465
83,-465
82,-465
81,-465
80,-465
79,-465
78,-465
77,-465
76,-465
75,-464
74,-464
73,-464
72,-464
71,-464
72,-465
73,-466
72,-466
71,-466
70,-465
69,-465
68,-465
67,-464
66,-464
66,-465
65,-464
64,-464
63,-464
62,-464
61,-464
60,-464
59,-464
58,-464
57,-464
56,-464
55,-463
54,-462
53,-462
54,-462
53,-462
52,-462
51,-462
52,-463
51,-463
50,-463
49,-463
50,-463
50,-462
50,-463
49,-463
48,-462
47,-462
48,-462
49,-462
48,-462
47,-462
46,-462
45,-462
44,-462
43,-461
42,-461
41,-460
40,-460
39,-460
38,-460
37,-460
36,-459
36,-460
35,-459
34,-459
33,-459
32,-459
33,-460
33,-459
32,-459
31,-459
30,-459
29,-459
28,-459
27,-458
26,-458
25,-458
24,-458
23,-458
22,-457
21,-457
20,-456
19,-456
18,-456
17,-455
17,-456
17,-457
16,-457
15,-457
16,-457
15,-456
14,-456
13,-456
12,-456
11,-456
10,-456
9,-456
9,-455
10,-455
11,-455
10,-455
11,-456
11,-455
10,-454
9,-453
8,-452
8,-453
7,-453
8,-453
7,-453
8,-454
9,-454
8,-454
7,-454
6,-454
5,-454
4,-454
3,-454
3,-455
2,-455
1,-454
0,-454
0,-453
-1,-453
-2,-452
-3,-451
-4,-451
-5,-451
-6,-451
-7,-451
-8,-451
-9,-451
-8,-451
-9,-450
-10,-450
-11,-450
-11,-449
-12,-449
-13,-449
-14,-449
-15,-449
-16,-449
-16,-448
-17,-448
-18,-447
-19,-446
-20,-446
-21,-446
-22,-446
-23,-446
-23,-447
-24,-447
-25,-447
-24,-448
-25,-448
-26,-448
-27,-447
-28,-447
-29,-447
-30,-447
-31,-446
-32,-446
-33,-445
-33,-444
-34,-444
-35,-444
-36,-444
-36,-443
-37,-443
-38,-442
-39,-441
-40,-441
-41,-440
-42,-439
-43,-438
-43,-437
-44,-437
-44,-438
-45,-437
-46,-436
-47,-436
-48,-436
-47,-436
-48,-436
-49,-436
-49,-437
-49,-438
-48,-439
-49,-438
-50,-438
-50,-437
-49,-438
-50,-438
-51,-437
-52,-437
-52,-436
-53,-435
-54,-434
-53,-435
-54,-434
-55,-433
-56,-433
-57,-432
-58,-432
-59,-431
-59,-432
-60,-432
-61,-432
-62,-432
-63,-432
-62,-432
-63,-432
-64,-432
-65,-432
-66,-432
-67,-431
-68,-430
-67,-431
-68,-430
-69,-429
-70,-429
-71,-428
-72,-427
-73,-427
-74,-427
-73,-427
-73,-426
-74,-426
-75,-425
-75,-426
-74,-426
-75,-426
-74,-426
-75,-426
-76,-426
-77,-426
-78,-426
-79,-425
-80,-424
-81,-424
-82,-424
-83,-424
-84,-424
-85,-424
-86,-424
-87,-424
-87,-425
-88,-425
-88,-424
-89,-423
-90,-423
-91,-423
-92,-423
-93,-423
-94,-422
-95,-422
-95,-423
-96,-422
-97,-422
-98,-422
-99,-421
-100,-420
-101,-420
-102,-420
-103,-419
-104,-419
-105,-418
-106,-418
-107,-418
-108,-418
-109,-417
-110,-416
-111,-416
-112,-416
-111,-416
-112,-415
-113,-414
-114,-414
-115,-414
-116,-414
-117,-414
-118,-414
-119,-413
-118,-413
-119,-412
-120,-412
-121,-412
-120,-412
-121,-412
-122,-411
-122,-410
-121,-411
-122,-410
-123,-410
-124,-410
-123,-411
-122,-412
-123,-411
-123,-412
-124,-412
-125,-412
-126,-412
-127,-412
-128,-412
-128,-413
-129,-412
-130,-411
-131,-411
-132,-411
-133,-411
-134,-410
-135,-410
-136,-409
-136,-408
-137,-407
-138,-406
-138,-407
-138,-408
-139,-408
-138,-408
-138,-407
-139,-407
-140,-406
-141,-406
-142,-405
-143,-405
-144,-404
-145,-403
-146,-403
-147,-403
-148,-403
-149,-403
-150,-402
-151,-402
-151,-403
-152,-402
-153,-401
-154,-401
-155,-401
-156,-400
-157,-399
-158,-398
-159,-398
-158,-399
-157,-399
-158,-399
-159,-398
-160,-397
-160,-396
-161,-396
-162,-395
-162,-396
-161,-397
-162,-396
-163,-395
-164,-394
-163,-394
-164,-393
-165,-393
-166,-393
-167,-392
-167,-393
-166,-393
-166,-392
-166,-393
-167,-392
-168,-391
-169,-390
-170,-390
-170,-389
-171,-388
-171,-389
-170,-390
-171,-389
-172,-388
-173,-387
-174,-387
-175,-386
-174,-386
-175,-385
-176,-384
-177,-383
-178,-383
-179,-383
-178,-384
-179,-383
-180,-382
-181,-382
-180,-382
-181,-382
-182,-381
-183,-381
-184,-380
-185,-380
-186,-380
-187,-380
-188,-379
-188,-378
-189,-377
-190,-377
-190,-378
-191,-378
-192,-377
-193,-377
-194,-377
-195,-377
-196,-376
-196,-377
-195,-377
-196,-377
-197,-376
-198,-375
-199,-375
-198,-376
-199,-376
-200,-375
-201,-374
-202,-373
-203,-372
-204,-371
-205,-370
-206,-370
-206,-369
-207,-368
-208,-367
-209,-366
-209,-367
-210,-366
-211,-366
-212,-365
-213,-365
-214,-365
-214,-366
-215,-365
-216,-365
-217,-364
-218,-364
-219,-363
-220,-363
-221,-363
-222,-363
-223,-362
-224,-361
-225,-361
-226,-361
-227,-360
-228,-360
-229,-359
-230,-358
-231,-357
-232,-357
-233,-357
-234,-356
-235,-356
-236,-355
-237,-355
-238,-354
-237,-355
-238,-354
-239,-353
-239,-354
-240,-354
-241,-354
-242,-353
-243,-352
-244,-351
-245,-351
-246,-350
-247,-349
-247,-348
-248,-347
-249,-347
-250,-347
-251,-346
-252,-346
-251,-346
-251,-347
-252,-346
-253,-346
-254,-346
-255,-345
-256,-345
-257,-345
-258,-345
-259,-344
-260,-343
-261,-343
-262,-342
-261,-342
-262,-341
-263,-340
-264,-339
-264,-338
-263,-338
-264,-337
-265,-337
-266,-337
-267,-336
-268,-336
-268,-335
-269,-334
-270,-334
-271,-333
-272,-333
-273,-333
-274,-332
-275,-331
-274,-331
-275,-330
-274,-331
-275,-331
-276,-330
-275,-331
-276,-331
-277,-330
-278,-329
-278,-330
-279,-329
-279,-330
-280,-329
-281,-328
-282,-327
-282,-328
-283,-327
-284,-327
-285,-326
-286,-325
-287,-324
-288,-324
-289,-323
-290,-322
-289,-323
-290,-322
-291,-321
-292,-320
-293,-319
-294,-319
-294,-318
-294,-319
-295,-318
-296,-317
-297,-316
-298,-315
-299,-314
-300,-313
-301,-312
-302,-311
-303,-310
-303,-309
-303,-310
-304,-309
-304,-310
-305,-310
-306,-309
-306,-308
-307,-307
-308,-306
-309,-305
-310,-304
-311,-303
-312,-302
-313,-301
-314,-300
-315,-299
-316,-298
-317,-297
-316,-298
-315,-298
-316,-297
-316,-298
-315,-299
-316,-298
-317,-297
-318,-296
-319,-295
-320,-294
-319,-295
-320,-294
-321,-293
-322,-292
-323,-291
-324,-291
-325,-291
-324,-292
-325,-292
-326,-291
-327,-290
-326,-290
-327,-289
-328,-289
-329,-288
-330,-287
-330,-288
-330,-287
-331,-286
-332,-286
-332,-287
-333,-286
-334,-286
-333,-286
-333,-285
-334,-284
-335,-283
-336,-282
-337,-281
-338,-280
-339,-279
-340,-278
-341,-277
-342,-276
-343,-276
-344,-275
-345,-274
-346,-273
-347,-272
-347,-273
-348,-272
-349,-271
-349,-272
-348,-273
-349,-272
-350,-271
-351,-270
-350,-270
-351,-269
-352,-268
-353,-267
-354,-266
-355,-265
-356,-265
-357,-264
-357,-263
-357,-262
-356,-263
-357,-262
-358,-261
-359,-260
-360,-259
-361,-259
-362,-258
-363,-257
-362,-258
-363,-257
-364,-256
-365,-256
-366,-255
-367,-254
-368,-253
-369,-252
-370,-252
-371,-251
-370,-251
-371,-250
-372,-249
-373,-249
-374,-248
-375,-247
-376,-246
-376,-245
-377,-244
-376,-245
-377,-244
-378,-243
-377,-243
-378,-242
-377,-243
-378,-242
-379,-242
-380,-241
-381,-240
-381,-239
-382,-238
-383,-237
-383,-238
-384,-237
-385,-236
-386,-235
-385,-235
-386,-234
-387,-233
-388,-232
-389,-231
-390,-231
-389,-231
-389,-230
-390,-230
-390,-229
-389,-230
-390,-229
-391,-229
-391,-230
-392,-229
-393,-229
-394,-228
-395,-228
-396,-227
-397,-226
-398,-225
-399,-224
-400,-223
-401,-222
-400,-223
-399,-224
-400,-223
-401,-222
-402,-221
-402,-222
-403,-221
-404,-220
-405,-219
-406,-219
-407,-218
-408,-217
-407,-218
-408,-217
-409,-217
-410,-216
-411,-215
-410,-215
-409,-215
-410,-214
-410,-215
-411,-214
-412,-213
-413,-212
-414,-211
-415,-210
-416,-209
-417,-208
-418,-207
-419,-206
-420,-206
-421,-205
-422,-204
-423,-203
-424,-202
-425,-201
-426,-200
-427,-199
-428,-198
-429,-197
-430,-196
-430,-195
-431,-194
-432,-193
-433,-192
-434,-191
-435,-190
-436,-189
-436,-188
-437,-187
-438,-186
-439,-185
-440,-184
-441,-183
-440,-184
-441,-183
-442,-182
-443,-181
-444,-180
-445,-179
-446,-178
-447,-177
-448,-176
-449,-175
-450,-174
-451,-173
-452,-172
-452,-171
-453,-170
-454,-169
-455,-168
-456,-167
-457,-166
-457,-165
-458,-164
-459,-163
-460,-162
-460,-163
-460,-164
-459,-165
-460,-164
-461,-163
-462,-162
-461,-162
-462,-161
-463,-160
-464,-159
-465,-158
-466,-157
-467,-156
-468,-155
-469,-154
-470,-153
-471,-152
-472,-151
-473,-150
-474,-149
-475,-148
-476,-147
-476,-146
-477,-145
-478,-144
-479,-143
-480,-142
-481,-141
-482,-140
-483,-139
-483,-138
-484,-137
-485,-136
-486,-135
-486,-134
-487,-133
-486,-134
-487,-133
-487,-132
-488,-131
-489,-130
-490,-129
-491,-128
-492,-127
-493,-126
-493,-125
-494,-124
-495,-123
-496,-122
-497,-122
-496,-122
-497,-121
-498,-120
-499,-119
-500,-118
-501,-117
-500,-117
-501,-116
-502,-116
-503,-115
-504,-114
-505,-113
-506,-112
-507,-111
-508,-110
-509,-109
-510,-108
-511,-107
-512,-106
-512,-105
-513,-104
-514,-103
-515,-102
-514,-103
-514,-102
-515,-101
-516,-100
-517,-99
-518,-98
-519,-97
-520,-96
-521,-95
-522,-94
-523,-93
-524,-92
-525,-91
-526,-90
-527,-89
-528,-88
-529,-87
-530,-86
-529,-87
-530,-86
-531,-85
-532,-84
-533,-83
-534,-82
-535,-81
-535,-82
-536,-81
-537,-80
-538,-79
-538,-78
-539,-77
-540,-76
-541,-75
-541,-74
-542,-73
-543,-72
-544,-71
-545,-70
-545,-69
-546,-68
-547,-68
-547,-67
-548,-66
-547,-67
-547,-66
-548,-65
-547,-65
-548,-64
-548,-63
-548,-62
-549,-61
-549,-62
-550,-61
-549,-62
-550,-62
-550,-61
-551,-60
-552,-59
-553,-58
-553,-57
-554,-56
-555,-55
-556,-54
-556,-53
-556,-52
-557,-51
-558,-50
-557,-50
-558,-50
-559,-49
-558,-49
-559,-48
-560,-47
-561,-46
-562,-46
-562,-47
-563,-46
-564,-45
-565,-44
-564,-45
-565,-44
-566,-43
-567,-43
-567,-42
-568,-42
-569,-41
-570,-41
-571,-40
-572,-39
-572,-38
-573,-37
-574,-36
-574,-35
-574,-34
-575,-33
-576,-32
-577,-31
-578,-30
-579,-29
-578,-29
-577,-30
-578,-29
-579,-28
-579,-27
-580,-26
-581,-25
-582,-24
-583,-23
-584,-22
-583,-22
-584,-21
-585,-20
-585,-19
-586,-18
-587,-17
-587,-16
-586,-16
-587,-15
-586,-15
-585,-15
-585,-14
-586,-13
-587,-12
-588,-11
-589,-10
-589,-9
-590,-8
-590,-7
-591,-6
-592,-5
-593,-4
-594,-3
-595,-2
-596,-1
-595,-1
-594,-2
-595,-1
-596,0
-596,1
-597,2
-597,3
-598,3
-599,4
-599,5
-599,4
-600,4
-600,5
-600,6
-599,6
-600,6
-601,7
-601,8
-601,7
-601,8
-600,7
-601,8
-600,7
-600,8
-599,8
-600,9
-601,10
-602,11
-602,10
-603,11
-604,12
-605,13
-606,14
-605,13
-604,12
-605,13
-605,14
-606,15
-607,16
-608,17
-609,18
-610,19
-611,20
-612,21
-612,22
-612,23
-613,24
-613,25
-613,26
-614,26
-615,26
-615,27
-616,28
-616,29
-617,30
-618,31
-618,30
-619,31
-620,32
-620,33
-621,34
-622,35
-623,36
-624,37
-624,38
-623,37
-623,36
-624,37
-624,38
-625,39
-626,40
-625,39
-625,38
-626,38
-626,39
-627,40
-628,41
-629,42
-628,42
-629,43
-630,44
-630,45
-630,44
-631,45
-631,46
-631,47
-630,46
-630,47
-630,48
-631,49
-632,50
-633,51
-634,52
-635,53
-636,54
-636,55
-637,56
-638,57
-639,58
-640,59
-641,60
-640,60
-640,61
-640,60
-641,61
-642,62
-643,63
-642,63
-641,63
-641,64
-642,65
-643,66
-643,67
-643,66
-644,67
-644,68
-644,69
-644,70
-644,71
-645,72
-645,71
-645,72
-645,73
-646,74
-647,75
-647,76
-648,77
-648,78
-649,79
-650,80
-651,81
-651,82
-652,83
-652,84
-653,85
-652,85
-653,86
-654,87
-655,88
-656,89
-657,90
-658,91
-658,90
-658,91
-659,92
-659,93
-660,94
-661,95
-661,96
-662,97
-662,98
-662,99
-663,100
-663,101
-664,102
-664,103
-664,104
-664,105
-664,106
-664,107
-664,108
-664,109
-663,109
-663,110
-664,111
-665,112
-665,113
-665,112
-665,113
-665,114
-666,115
-667,116
-668,117
-668,116
-668,117
-669,118
-670,119
-670,120
-671,120
-671,121
-672,122
-672,123
-672,122
-673,123
-674,124
-674,125
-673,124
-673,125
-673,124
-673,125
-674,126
-674,127
-674,128
-675,129
-675,130
-676,131
-676,132
-676,131
-676,132
-676,133
-677,134
-677,133
-678,134
-678,135
-678,136
-678,137
-678,138
-679,139
-680,140
-680,141
-681,142
-682,143
-683,144
-684,145
-684,144
-685,145
-685,146
-686,147
-686,148
-687,149
-687,150
-688,151
-687,150
-688,151
-689,152
-689,153
-688,153
-689,153
-690,153
-691,154
-692,155
-693,156
-693,157
-694,158
-695,159
-695,160
-696,161
-695,161
-696,162
-696,163
-696,164
-696,165
-697,166
-697,167
-698,168
-697,167
-696,166
-696,167
-697,168
-698,169
-699,170
-699,171
-699,170
-699,169
-700,170
-700,171
-701,172
-702,173
-702,172
-703,173
-703,174
-703,175
-703,176
-704,177
-703,177
-704,178
-705,179
-706,180
-707,180
-708,181
-709,182
-708,182
-709,183
-708,183
-709,184
-710,184
-709,183
-710,184
-710,185
-711,186
-712,187
-712,188
-713,189
-714,189
-714,190
-714,191
-714,192
-714,193
-714,194
-715,195
-715,194
-716,195
-717,196
-718,197
-719,198
-720,199
-720,198
-721,199
-721,200
-722,201
-723,202
-723,203
-723,204
-723,205
-722,205
-722,206
-723,207
-724,208
-723,208
-724,208
-725,209
-726,210
-727,211
-727,210
-727,211
-727,212
-726,212
-727,212
-726,211
-726,212
-727,213
-727,214
-728,215
-728,216
-728,217
-729,218
-730,219
-731,220
-732,221
-732,222
-732,223
-731,222
-731,221
-731,222
-731,223
-731,224
-732,225
-732,226
-732,227
-732,228
-733,229
-734,230
-735,231
-736,232
-737,233
-737,234
-737,235
-737,236
-736,235
-737,236
-736,235
-736,236
-736,237
-736,238
-736,239
-735,239
-736,240
-735,239
-735,240
-735,241
-735,242
-735,243
-736,244
-735,243
-736,244
-737,245
-738,246
-738,247
-737,246
-737,247
-738,248
-738,249
-739,250
-740,251
-741,252
-741,253
-741,252
-741,253
-740,253
-741,254
-741,253
-741,254
-742,255
-742,256
-743,257
-744,258
-744,259
-745,260
-746,261
-745,261
-744,261
-743,260
-743,261
-743,262
-743,263
-743,264
-743,265
-744,266
-744,267
-744,268
-743,267
-744,268
-744,269
-744,270
-744,271
-745,271
-746,271
-746,272
-746,273
-745,272
-746,273
-746,274
-746,275
-746,276
-746,277
-746,278
-747,278
-747,277
-747,278
-747,279
-748,280
-749,281
-749,282
-749,283
-750,284
-750,285
-751,286
-752,287
-751,286
-752,287
-752,288
-752,289
-752,290
-752,291
-752,292
-752,293
-753,294
-754,295
-753,295
-754,296
-754,297
-755,298
-756,298
-756,299
-756,300
-756,301
-756,302
-757,302
-758,303
-758,304
-758,305
-758,306
-759,307
-759,308
-759,309
-759,308
-760,309
-760,308
-760,309
-761,309
-762,310
-763,311
-763,312
-764,313
-764,312
-763,311
-764,312
-765,313
-765,314
-765,315
-765,316
-765,317
-766,318
-766,319
-766,320
-766,321
-767,322
-768,323
-769,323
-769,322
-770,323
-770,324
-771,325
-771,326
-772,327
-772,326
-772,327
-773,328
-774,329
-774,330
-774,331
-775,332
-775,333
-775,334
-775,335
-776,336
-776,337
-775,336
-776,337
-775,336
-775,337
-774,336
-774,337
-773,337
-773,336
-773,337
-773,338
-773,339
-773,338
-774,338
-775,339
-775,338
-775,339
-775,340
-775,341
-775,342
-776,343
-776,344
-777,345
-778,346
-779,346
-779,345
-780,346
-781,347
-781,348
-782,349
-781,349
-782,350
-782,351
-783,351
-783,352
-782,351
-782,352
-782,353
-782,354
-783,355
-784,356
-783,356
-784,357
-784,358
-784,359
-784,360
-784,361
-784,360
-784,361
-784,362
-784,363
-785,364
-785,365
-786,366
-786,367
-787,368
-787,369
-788,369
-788,368
-788,369
-789,370
-789,371
-789,372
-789,373
-789,374
-789,373
-789,374
-789,375
-790,376
-790,377
-791,378
-792,379
-793,380
-794,381
-794,382
-794,383
-794,384
-794,385
-794,386
-794,387
-794,388
-795,389
-796,389
-795,388
-795,387
-796,388
-796,389
-795,389
-796,389
-796,390
-797,391
-798,392
-798,393
-798,394
-798,395
-798,396
-798,397
-798,398
-798,399
-798,400
-799,401
-800,402
-800,403
-800,402
-800,403
-800,404
-800,403
-800,404
-799,404
-800,404
-801,405
-801,404
-802,405
-802,406
-802,407
-802,408
-801,407
-801,408
-801,409
-801,410
-802,411
-801,411
-801,412
-802,413
-802,414
-802,415
-802,416
-802,417
-802,418
-802,419
-801,418
-801,417
-801,418
-801,419
-801,420
-802,421
-801,421
-800,420
-800,421
-799,420
-799,421
-800,422
-800,423
-800,424
-801,425
-801,426
-801,427
-802,427
-803,428
-803,429
-803,430
-803,431
-802,431
-802,432
-802,433
-802,434
-802,435
-803,436
-803,437
-803,438
-803,439
-802,438
-803,439
-803,440
-803,441
-803,442
-803,443
-803,444
-803,445
-804,446
-805,447
-805,448
-805,449
-806,450
-807,451
-807,452
-807,453
-808,454
-808,455
-808,456
-808,457
-808,458
-808,459
-808,460
-809,461
-810,462
-810,463
-810,464
-810,465
-809,464
-809,465
-809,466
-808,465
-808,466
-809,467
-810,468
-811,469
-810,469
-810,470
-809,469
-809,468
-810,469
-810,470
-811,471
-811,472
-811,473
-811,474
-811,475
-811,476
-811,475
-810,474
-810,475
-810,476
-810,477
-810,478
-810,479
-811,480
-812,480
-813,480
-812,480
-812,481
-813,482
-814,483
-813,483
-812,482
-812,483
-812,484
-813,484
-812,483
-812,484
-812,485
-812,486
-813,487
-812,486
-812,487
-813,488
-813,489
-813,490
-813,489
-812,489
-811,489
-812,490
-812,491
-813,492
-813,493
-813,494
-814,495
-814,496
-815,497
-816,498
-816,499
-816,500
-816,501
-816,502
-816,503
-816,504
-817,505
-818,505
-818,506
-819,506
-819,507
-819,508
-820,509
-820,510
-820,511
-820,512
-820,513
-820,514
-819,513
-819,514
-819,515
-818,514
-818,515
-817,514
-817,515
-817,516
-817,517
-817,518
-817,519
-816,519
-816,520
-815,520
-815,521
-814,521
-814,522
-815,522
-815,523
-816,523
-816,524
-816,525
-816,526
-816,527
-816,528
-816,529
-816,530
-816,531
-815,530
-815,531
-815,532
-815,533
-814,533
-814,534
-814,535
-814,536
-814,537
-814,538
-814,539
-814,538
-815,539
-815,540
-815,541
-815,542
-816,543
-816,544
-816,545
-816,546
-816,547
-816,548
-816,549
-815,549
-816,549
-816,550
-815,550
-815,551
-815,552
-815,553
-815,554
-815,555
-815,556
-815,557
-815,558
-816,559
-816,560
-816,561
-816,562
-816,563
-816,564
-816,565
-816,566
-816,567
-815,566
-815,567
-815,568
-815,569
-815,570
-815,571
-815,572
-815,571
-816,572
-816,573
-815,573
-815,574
-815,575
-816,575
-817,575
-817,576
-817,577
-817,578
-816,578
-816,579
-816,580
-816,581
-816,582
-816,583
-816,584
-816,585
-817,585
-817,586
-817,587
-817,588
-817,589
-816,589
-815,588
-814,587
-814,586
-814,587
-814,588
-814,589
-814,590
-814,591
-814,592
-814,593
-814,594
-815,595
-814,595
-814,596
-814,597
-815,598
-815,599
-814,598
-814,599
-815,599
-815,600
-815,601
-815,602
-816,603
-816,604
-816,603
-815,602
-815,603
-814,602
-814,603
-814,604
-814,605
-814,606
-814,607
-815,607
-814,607
-815,607
-815,608
-815,607
-815,608
-816,609
-816,610
-817,611
-817,612
-817,611
-817,612
-817,611
-816,610
-815,610
-816,611
-816,612
-816,613
-816,614
-816,615
-816,616
-816,617
-816,618
-816,619
-816,620
-815,620
-814,619
-814,620
-814,621
-814,622
-813,622
-813,623
-813,624
-813,625
-812,624
-812,625
-812,626
-812,627
-812,628
-813,629
-813,630
-813,631
-813,632
-813,633
-813,634
-813,635
-813,636
-812,636
-813,636
-813,637
-813,638
-813,639
-812,638
-812,639
-813,639
-814,640
-814,641
-815,642
-815,643
-814,643
-814,644
-814,645
-814,646
-814,647
-814,648
-814,647
-814,648
-814,649
-814,650
-814,651
-814,652
-813,651
-812,651
-812,652
-813,652
-813,651
-813,650
-813,651
-813,652
-813,653
-813,654
-813,655
-813,656
-813,657
-813,658
-813,659
-813,658
-813,657
-813,658
-813,659
-813,660
-813,661
-813,662
-814,662
-815,663
-815,664
-815,665
-815,666
-815,667
-815,668
-814,667
-814,668
-814,669
-814,670
-815,670
-815,671
-815,672
-815,673
-815,674
-815,675
-815,676
-815,677
-815,678
-814,678
-814,679
-814,678
-814,679
-814,680
-814,681
-814,682
-813,681
-813,682
-813,683
-813,684
-813,685
-813,686
-813,687
-812,687
-812,688
-812,689
-812,688
-812,689
-812,688
-812,689
-812,690
-812,691
-812,692
-812,693
-813,693
-813,694
-813,695
-813,696
-812,695
-812,696
-812,697
-812,698
-811,697
-810,697
-810,698
-809,698
-809,699
-809,700
-809,701
-809,702
-809,703
-809,702
-809,703
-809,704
-809,705
-809,706
-809,707
-808,706
-808,707
-809,707
-810,708
-810,707
-810,708
-810,709
-810,710
-810,709
-810,710
-810,711
-810,712
-810,713
-810,714
-810,715
-811,715
-811,716
-811,717
-811,718
-811,719
-811,720
-811,721
-811,722
-811,723
-811,724
-811,725
-811,726
-811,727
-810,727
-810,728
-810,727
-810,726
-810,727
-809,727
-809,728
-809,729
-809,730
-808,729
-807,729
-806,729
-806,730
-807,731
-808,732
-808,733
-808,734
-808,735
-808,736
-808,737
-808,738
-808,739
-808,740
-808,741
-808,742
-808,743
-808,744
-808,745
-808,746
-808,747
-808,748
-808,749
-808,750
-808,751
-807,751
-807,752
-807,753
-807,754
-807,755
-806,755
-807,755
-807,756
-808,757
-809,757
-808,757
-808,756
-808,757
-808,758
-808,759
-808,760
-807,759
-807,760
-808,760
-808,761
-808,762
-807,762
-807,763
-807,764
-807,765
-807,766
-806,766
-805,766
-805,767
-805,768
-805,769
-805,770
-805,771
-805,772
-805,773
-804,773
-803,773
-803,774
-802,773
-802,774
-802,773
-802,774
-801,773
-801,774
-800,773
-800,774
-801,775
-801,776
-802,776
-802,777
-802,778
-802,779
-802,780
-802,781
-801,781
-800,781
-799,780
-800,781
-799,781
-799,782
-800,783
-800,784
-800,785
-799,785
-798,785
-798,786
-798,787
-798,788
-797,788
-797,789
-797,790
-796,790
-795,790
-795,791
-795,792
-795,793
-795,794
-795,795
-795,796
-795,797
-795,798
-795,797
-795,798
-795,799
-795,800
-794,800
-793,800
-793,801
-794,801
-794,802
-794,803
-794,804
-794,805
-794,806
-793,806
-793,807
-793,808
-793,809
-794,809
-794,810
-794,811
-794,812
-794,813
-794,814
-794,815
-793,815
-792,815
-792,816
-792,817
-791,816
-791,817
-790,817
-790,818
-789,818
-789,819
-789,820
-789,821
-789,822
-789,823
-789,824
-790,824
-790,825
-790,826
-789,826
-789,827
-788,827
-788,828
-789,829
-788,829
-787,829
-787,830
-787,831
-787,832
-787,833
-787,834
-786,834
-786,835
-785,835
-786,835
-786,836
-786,837
-786,838
-786,839
-787,840
-786,840
-786,841
-785,841
-785,842
-785,843
-784,843
-785,844
-785,845
-784,844
-783,843
-783,844
-783,845
-783,846
-782,846
-783,847
-784,847
-783,847
-782,847
-781,847
-781,848
-780,848
-780,849
-780,850
-780,851
-780,852
-780,853
-780,852
-780,853
-779,853
-779,854
-779,855
-778,855
-778,856
-778,857
-778,858
-779,859
-778,859
-778,860
-779,861
-779,862
-780,863
-780,864
-779,863
-779,862
-779,863
-779,864
-779,865
-779,866
-779,867
-779,868
-779,869
-779,870
-779,871
-778,871
-777,870
-777,871
-776,871
-776,872
-776,873
-777,874
-776,874
-776,875
-776,876
-776,875
-775,875
-775,876
-775,877
-775,878
-775,879
-775,880
-774,880
-774,881
-774,882
-773,882
-772,882
-772,883
-772,884
-772,885
-772,886
-772,887
-772,888
-773,888
-774,889
-774,890
-774,891
-775,892
-774,892
-775,892
-775,893
-775,894
-775,895
-775,896
-775,897
-775,898
-775,899
-776,900
-776,901
-775,900
-776,900
-775,900
-775,901
-774,900
-773,900
-774,900
-774,901
-774,902
-774,903
-774,904
-774,905
-774,904
-774,905
-773,905
-773,906
-773,907
-773,908
-773,909
-772,909
-772,910
-771,910
-770,909
-770,910
-770,911
-770,912
-770,913
-770,914
-769,914
-770,915
-769,915
-769,916
-769,917
-769,918
-768,918
-769,918
-768,917
-768,918
-768,917
-768,918
-768,919
-769,919
-769,920
-769,921
-769,922
-769,923
-770,923
-769,923
-769,924
-768,924
-767,924
-767,925
-767,926
-767,927
-766,927
-765,926
-764,926
-764,927
-764,928
-763,928
-762,928
-762,929
-761,928
-760,928
-759,928
-758,928
-758,929
-758,930
-757,929
-757,930
-757,931
-757,932
-756,932
-756,933
-755,932
-754,932
-753,932
-754,932
-754,933
-753,933
-752,932
-751,932
-750,932
-750,933
-749,932
-749,933
-749,934
-750,935
-750,936
-750,937
-750,938
-749,938
-749,939
-748,939
-747,939
-746,939
-745,939
-744,939
-744,940
-744,941
-744,942
-743,942
-743,943
-743,944
-743,945
-744,946
-744,947
-744,948
-744,949
-744,950
-744,951
-744,950
-744,951
-743,951
-742,951
-742,952
-741,952
-742,953
-741,953
-741,954
-741,955
-741,956
-741,957
-740,957
-740,958
-739,958
-738,958
-739,958
-738,958
-739,959
-738,958
-738,959
-737,959
-738,960
-737,960
-736,960
-736,961
-736,962
-736,963
-736,962
-736,961
-736,960
-735,960
-736,960
-735,960
-734,960
-734,959
-735,959
-734,959
-733,958
-732,957
-732,958
-732,959
-732,960
-733,960
-733,961
-733,962
-732,962
-732,963
-731,963
-731,964
-731,965
-731,966
-731,967
-731,968
-731,969
-730,969
-730,970
-730,971
-730,972
-729,972
-728,971
-728,972
-728,973
-728,974
-728,975
-727,975
-727,976
-727,977
-726,976
-726,977
-727,977
-727,978
-727,979
-726,979
-726,980
-725,980
-724,980
-724,981
-723,981
-724,982
-725,982
-724,981
-724,982
-724,983
-723,983
-723,984
-722,983
-721,983
-721,984
-720,984
-719,984
-719,985
-718,985
-717,985
-716,985
-717,986
-717,985
-716,985
-717,986
-716,986
-715,986
-715,987
-716,987
-716,988
-716,989
-716,990
-716,991
-715,991
-715,992
-715,991
-715,992
-715,993
-714,993
-715,993
-715,992
-715,993
-715,994
-715,995
-715,996
-716,996
-716,997
-717,997
-717,998
-717,999
-716,998
-716,997
-716,998
-715,997
-715,998
-715,999
-714,999
-713,999
-713,1000
-712,1000
-712,999
-712,1000
-711,1000
-711,1001
-711,1002
-711,1003
-710,1002
-710,1003
-710,1004
-709,1004
-708,1004
-709,1004
-708,1003
-708,1004
-707,1004
-706,1004
-706,1005
-705,1005
-704,1005
-704,1006
-703,1006
-702,1006
-701,1006
-701,1007
-700,1007
-700,1008
-699,1008
-699,1009
-699,1010
-698,1010
-697,1010
-696,1010
-695,1010
-694,1009
-693,1009
-692,1008
-691,1008
-690,1008
-691,1008
-691,1009
-691,1010
-690,1010
-689,1010
-688,1010
-688,1011
-688,1012
-687,1012
-687,1013
-687,1014
-686,1013
-685,1013
-684,1013
-683,1013
-682,1013
-681,1012
-681,1013
-680,1013
-680,1014
-679,1014
-678,1014
-677,1013
-676,1013
-676,1012
-675,1012
-675,1013
-675,1014
-675,1015
-674,1015
-673,1014
-674,1015
-673,1015
-672,1015
-673,1015
-672,1015
-672,1016
-671,1016
-671,1017
-672,1017
-671,1017
-670,1017
-671,1017
-670,1017
-670,1018
-670,1019
-669,1018
-668,1018
-667,1018
-666,1018
-666,1019
-666,1020
-666,1021
-665,1021
-665,1022
-665,1023
-664,1023
-664,1024
-664,1025
-663,1024
-662,1024
-662,1025
-661,1025
-661,1026
-661,1027
-660,1027
-659,1027
-658,1027
-658,1028
-657,1028
-656,1028
-656,1029
-656,1030
-655,1030
-654,1030
-653,1030
-652,1029
-651,1029
-650,1029
-649,1029
-649,1030
-649,1031
-650,1031
-650,1030
-649,1030
-648,1030
-648,1031
-649,1031
-649,1032
-648,1032
-649,1032
-649,1033
-648,1033
-649,1033
-649,1034
-649,1035
-648,1035
-647,1035
-648,1036
-649,1036
-648,1036
-648,1035
-647,1035
-646,1035
-646,1036
-646,1035
-645,1034
-646,1035
-646,1034
-645,1034
-645,1035
-645,1036
-645,1035
-644,1035
-643,1035
-642,1035
-642,1036
-641,1036
-640,1036
-639,1036
-638,1036
-637,1035
-636,1035
-635,1035
-634,1035
-633,1034
-632,1034
-631,1034
-630,1034
-630,1035
-630,1036
-630,1037
-630,1038
-631,1039
-630,1039
-629,1039
-628,1039
-628,1040
-628,1041
-628,1042
-628,1043
-627,1043
-628,1044
-628,1045
-628,1046
-628,1047
-627,1047
-628,1048
-628,1049
-629,1049
-628,1049
-628,1050
-627,1050
-626,1050
-625,1050
-624,1050
-625,1050
-624,1050
-625,1051
-626,1052
-625,1052
-624,1052
-624,1053
-623,1053
-623,1054
-623,1053
-622,1053
-623,1053
-623,1052
-622,1052
-621,1052
-621,1053
-620,1053
-620,1054
-620,1055
-621,1055
-620,1055
-620,1056
-619,1056
-619,1057
-618,1057
-617,1057
-618,1057
-617,1056
-616,1056
-616,1057
-616,1058
-617,1058
-616,1058
-615,1058
-616,1059
-616,1060
-617,1060
-616,1060
-616,1061
-615,1061
-614,1061
-615,1062
-615,1063
-614,1063
-613,1063
-613,1064
-612,1063
-612,1064
-612,1063
-611,1063
-610,1063
-609,1063
-609,1062
-609,1063
-609,1064
-608,1064
-608,1065
-607,1065
-607,1066
-606,1066
-605,1066
-604,1065
-603,1065
-602,1065
-602,1066
-601,1066
-600,1066
-599,1066
-598,1066
-598,1067
-597,1067
-596,1067
-597,1068
-596,1068
-595,1067
-594,1067
-593,1067
-592,1067
-591,1067
-591,1068
-590,1068
-589,1068
-588,1068
-587,1068
-586,1068
-585,1067
-584,1067
-584,1068
-584,1069
-583,1069
-582,1069
-582,1070
-583,1071
-582,1071
-582,1072
-581,1072
-580,1072
-579,1072
-578,1072
-577,1072
-576,1072
-575,1072
-574,1072
-573,1072
-573,1073
-573,1074
-573,1075
-572,1075
-571,1075
-572,1075
-572,1076
-571,1076
-570,1076
-569,1075
-569,1074
-568,1074
-568,1075
-569,1075
-568,1075
-568,1076
-567,1076
-567,1077
-566,1077
-566,1078
-565,1078
-564,1078
-563,1078
-562,1078
-561,1078
-561,1079
-560,1079
-559,1079
-559,1080
-560,1080
-560,1081
-559,1081
-558,1081
-557,1081
-557,1082
-556,1082
-556,1083
-555,1082
-555,1083
-555,1084
-554,1084
-554,1085
-554,1086
-554,1087
-554,1088
-553,1088
-552,1088
-551,1088
-551,1087
-551,1088
-550,1088
-549,1088
-548,1088
-547,1088
-546,1088
-545,1088
-544,1088
-543,1088
-543,1089
-543,1090
-542,1090
-543,1090
-542,1090
-542,1091
-542,1090
-542,1091
-541,1091
-540,1090
-539,1090
-538,1090
-537,1090
-536,1090
-537,1091
-537,1092
-536,1092
-536,1091
-535,1091
-534,1091
-533,1091
-532,1091
-531,1091
-530,1091
-529,1091
-528,1091
-528,1092
-529,1092
-528,1092
-528,1093
-528,1094
-528,1095
-527,1095
-527,1094
-526,1094
-525,1094
-525,1095
-525,1094
-524,1094
-525,1094
-526,1095
-525,1095
-525,1094
-524,1094
-523,1094
-522,1094
-521,1093
-520,1093
-520,1094
-519,1094
-518,1094
-519,1094
-518,1094
-518,1095
-517,1095
-516,1095
-515,1094
-515,1093
-515,1092
-515,1093
-515,1094
-514,1094
-513,1094
-512,1093
-511,1093
-510,1093
-509,1093
-509,1094
-508,1094
-507,1094
-507,1095
-508,1095
-507,1095
-506,1095
-505,1095
-504,1095
-504,1094
-503,1094
-502,1093
-501,1093
-500,1093
-499,1093
-498,1093
-497,1093
-497,1094
-496,1094
-495,1094
-494,1093
-495,1094
-494,1094
-495,1095
-494,1095
-493,1095
-492,1095
-491,1095
-491,1096
-490,1095
-489,1095
-489,1096
-490,1097
-489,1097
-488,1097
-487,1097
-487,1098
-486,1098
-485,1098
-484,1098
-484,1099
-483,1099
-483,1100
-483,1101
-482,1101
-481,1101
-480,1101
-479,1101
-478,1101
-478,1100
-478,1101
-478,1102
-477,1102
-476,1101
-475,1101
-476,1101
-476,1102
-475,1101
-476,1101
-475,1101
-475,1102
-474,1102
-473,1102
-472,1102
-471,1102
-470,1102
-470,1101
-471,1102
-471,1103
-470,1103
-469,1103
-468,1103
-467,1103
-468,1103
-468,1104
-467,1104
-466,1104
-465,1104
-464,1104
-465,1104
-465,1103
-464,1103
-463,1103
-462,1103
-461,1103
-462,1104
-462,1105
-462,1106
-461,1106
-460,1106
-459,1105
-458,1105
-457,1105
-456,1104
-455,1104
-456,1104
-455,1104
-456,1104
-455,1104
-454,1104
-453,1104
-453,1105
-452,1105
-452,1104
-451,1103
-450,1103
-449,1103
-449,1104
-448,1104
-448,1105
-448,1106
-449,1106
-448,1106
-449,1106
-448,1106
-447,1106
-446,1106
-445,1106
-444,1106
-443,1106
-443,1107
-442,1107
-441,1107
-441,1108
-440,1108
-439,1108
-438,1108
-437,1108
-436,1108
-435,1108
-434,1108
-434,1109
-433,1109
-433,1110
-434,1110
-433,1110
-432,1110
-431,1110
-430,1110
-430,1111
-430,1110
-429,1109
-428,1109
-427,1109
-427,1108
-426,1108
-426,1109
-425,1109
-424,1109
-424,1110
-424,1111
-423,1111
-422,1111
-421,1111
-420,1110
-419,1110
-419,1111
-419,1110
-419,1111
-418,1111
-418,1110
-417,1110
-416,1110
-415,1109
-414,1109
-413,1109
-413,1108
-413,1109
-412,1108
-411,1108
-410,1108
-409,1108
-408,1108
-407,1108
-406,1108
-405,1108
-404,1108
-403,1108
-402,1108
-402,1109
-401,1109
-401,1108
-400,1108
-399,1108
-398,1108
-399,1108
-399,1109
-398,1109
-397,1109
-396,1109
-395,1109
-394,1109
-393,1108
-394,1109
-394,1110
-394,1111
-393,1111
-392,1111
-392,1112
-391,1112
-390,1112
-389,1112
-388,1112
-387,1112
-386,1112
-385,1112
-384,1112
-383,1112
-384,1113
-383,1112
-383,1113
-382,1113
-381,1112
-381,1113
-380,1113
-380,1114
-379,1114
-378,1114
-378,1115
-378,1116
-377,1116
-376,1116
-375,1116
-374,1116
-373,1116
-372,1116
-371,1116
-372,1116
-373,1116
-373,1117
-372,1117
-372,1116
-371,1115
-370,1115
-369,1115
-368,1115
-367,1114
-366,1114
-365,1114
-364,1114
-363,1113
-364,1114
-365,1115
-364,1115
-363,1115
-364,1115
-364,1116
-363,1116
-363,1115
-362,1114
-362,1115
-362,1114
-361,1114
-360,1114
-359,1114
-358,1114
-357,1114
-356,1114
-356,1113
-355,1113
-355,1112
-356,1113
-356,1114
-355,1114
-354,1114
-353,1113
-352,1113
-353,1114
-354,1114
-353,1114
-353,1113
-352,1113
-351,1113
-350,1113
-349,1113
-348,1113
-349,1114
-348,1114
-347,1114
-346,1114
-346,1115
-345,1115
-344,1114
-344,1115
-343,1115
-342,1115
-341,1115
-340,1115
-339,1114
-338,1114
-337,1114
-336,1114
-337,1114
-336,1114
-335,1114
-334,1114
-333,1114
-332,1114
-331,1113
-330,1113
-329,1113
-329,1114
-328,1114
-327,1114
-326,1114
-327,1114
-326,1114
-325,1114
-324,1114
-323,1114
-322,1114
-321,1114
-320,1114
-319,1114
-318,1114
-317,1114
-316,1114
-317,1114
-317,1115
-316,1115
-317,1115
-316,1115
-315,1115
-314,1115
-315,1115
-316,1116
-315,1116
-314,1116
-313,1116
-312,1115
-311,1115
-310,1115
-310,1116
-309,1116
-308,1116
-307,1116
-306,1116
-305,1116
-304,1115
-303,1115
-302,1114
-301,1114
-300,1114
-299,1114
-298,1114
-297,1114
-296,1114
-295,1114
-295,1113
-294,1113
-293,1113
-292,1113
-291,1113
-292,1113
-291,1113
-290,1113
-289,1113
-288,1113
-287,1113
-286,1113
-286,1112
-285,1112
-284,1112
-283,1112
-282,1112
-281,1112
-280,1112
-279,1112
-278,1112
-279,1112
-278,1112
-277,1112
-276,1112
-275,1112
-274,1112
-275,1112
-275,1113
-276,1114
-275,1114
-274,1114
-273,1114
-273,1115
-272,1115
-271,1115
-270,1115
-270,1116
-269,1116
-268,1116
-267,1116
-266,1116
-265,1115
-264,1115
-263,1115
-263,1114
-264,1115
-263,1115
-262,1115
-261,1115
-262,1115
-261,1115
-260,1115
-260,1116
-259,1116
-259,1117
-258,1117
-257,1117
-256,1117
-256,1116
-255,1116
-256,1116
-255,1116
-255,1117
-254,1117
-253,1117
-252,1117
-251,1117
-252,1118
-253,1119
-254,1120
-255,1120
-256,1120
-257,1120
-256,1120
-257,1120
-258,1121
-258,1120
-258,1119
-257,1118
-257,1117
-257,1118
-257,1117
-257,1116
-257,1115
-257,1114
-256,1113
-255,1112
-254,1111
-255,1111
-256,1112
-255,1111
-255,1112
-254,1111
-253,1110
-252,1110
-253,1110
-254,1110
-253,1110
-252,1110
-251,1110
-250,1110
-249,1110
-249,1109
-248,1109
-247,1109
-247,1110
-246,1110
-245,1110
-246,1111
-245,1111
-245,1112
-244,1111
-244,1112
-244,1113
-243,1113
-242,1113
-241,1113
-240,1113
-241,1114
-241,1115
-241,1116
-240,1116
-240,1117
-240,1118
-240,1119
-240,1120
-240,1121
-240,1122
-241,1123
-241,1124
-241,1125
-241,1124
-241,1125
-241,1126
-241,1125
-241,1126
-242,1127
-242,1128
-241,1128
-241,1129
-241,1130
-241,1131
-241,1132
-240,1132
-241,1133
-240,1133
-240,1134
-241,1135
-242,1136
-243,1137
-243,1138
-243,1139
-244,1140
-245,1141
-246,1142
-247,1143
-248,1144
-249,1145
-249,1146
-250,1147
-251,1148
-252,1148
-253,1148
-254,1149
-255,1150
-256,1151
-257,1152
-258,1153
-259,1154
-260,1155
-261,1155
-262,1156
-263,1157
-264,1158
-265,1159
-265,1160
-266,1160
-267,1161
-267,1162
-268,1163
-269,1164
-270,1164
-271,1164
-272,1164
-273,1165
-274,1165
-275,1166
-276,1166
-277,1166
-278,1166
-279,1166
-278,1166
-279,1167
-280,1167
-280,1166
-280,1167
-281,1167
-282,1167
-283,1168
-284,1169
-284,1170
-283,1169
-284,1169
-284,1168
-285,1168
-284,1167
-284,1166
-285,1167
-286,1168
-287,1168
-286,1167
-287,1167
-288,1167
-289,1167
-290,1168
-291,1168
-292,1168
-293,1168
-294,1168
-295,1168
-296,1168
-297,1168
-298,1168
-299,1168
-300,1169
-301,1169
-301,1168
-302,1168
-302,1169
-303,1169
-302,1168
-302,1167
-303,1167
-304,1167
-305,1167
-305,1166
-305,1165
-306,1165
-306,1164
-307,1164
-306,1164
-307,1164
-307,1163
-308,1163
-308,1162
-309,1162
-309,1161
-309,1160
-309,1159
-310,1160
-310,1159
-310,1158
-310,1157
-311,1157
-311,1156
-312,1156
-312,1155
-312,1154
-311,1154
-311,1153
-311,1152
-311,1151
-311,1150
-312,1150
-312,1149
-311,1149
-311,1148
-311,1149
-312,1149
-312,1148
-312,1147
-312,1146
-312,1145
-312,1144
-311,1143
-311,1144
-311,1143
-311,1142
-311,1141
-311,1140
-311,1141
-311,1142
-311,1141
-312,1142
-311,1141
-311,1140
-311,1139
-311,1138
-310,1137
-311,1137
-311,1136
-310,1136
-309,1135
-309,1136
-309,1135
-309,1134
-309,1133
-309,1132
-309,1131
-309,1132
-308,1131
-308,1130
-307,1129
-307,1128
-306,1127
-306,1126
-305,1125
-305,1126
-304,1125
-305,1125
-306,1125
-306,1124
-305,1123
-305,1122
-305,1121
-305,1120
-305,1119
-306,1119
-306,1118
-306,1117
-306,1116
-305,1115
-304,1114
-304,1113
-304,1112
-303,1111
-302,1110
-302,1109
-301,1108
-301,1109
-301,1108
-301,1109
-301,1108
-300,1107
-299,1106
-299,1107
-299,1106
-300,1106
-300,1105
-299,1105
-298,1104
-299,1104
-298,1103
-297,1102
-297,1103
-297,1102
-297,1101
-296,1100
-297,1101
-296,1100
-296,1099
-296,1098
-296,1099
-295,1098
-294,1097
-293,1096
-292,1095
-291,1094
-290,1093
-290,1092
-290,1091
-291,1092
-290,1091
-290,1090
-289,1089
-288,1088
-287,1087
-286,1086
-285,1085
-284,1084
-284,1083
-284,1082
-284,1081
-283,1080
-282,1080
-282,1081
-281,1080
-281,1079
-280,1078
-279,1077
-279,1076
-279,1075
-280,1075
-279,1074
-278,1073
-279,1074
-280,1074
-279,1073
-278,1072
-277,1071
-276,1070
-275,1070
-274,1069
-273,1068
-274,1068
-273,1067
-274,1067
-274,1066
-275,1066
-275,1067
-274,1066
-273,1065
-272,1064
-271,1063
-270,1062
-269,1062
-268,1061
-267,1060
-266,1059
-265,1058
-264,1057
-263,1056
-262,1055
-261,1055
-260,1054
-259,1053
-258,1052
-258,1051
-257,1051
-256,1050
-256,1051
-255,1051
-256,1051
-255,1051
-254,1051
-253,1050
-254,1051
-253,1050
-254,1050
-253,1049
-252,1048
-251,1048
-251,1049
-250,1048
-249,1047
-248,1046
-247,1046
-246,1045
-245,1044
-245,1043
-244,1043
-243,1043
-244,1044
-243,1043
-242,1042
-242,1043
-241,1042
-240,1041
-241,1041
-240,1041
-239,1040
-238,1040
-237,1039
-236,1038
-235,1038
-234,1037
-233,1036
-234,1037
-233,1037
-232,1037
-231,1036
-230,1036
-230,1037
-229,1037
-228,1037
-227,1036
-226,1036
-225,1036
-224,1036
-223,1036
-222,1036
-221,1036
-220,1035
-219,1034
-218,1034
-217,1033
-216,1033
-215,1032
-214,1031
-213,1031
-212,1031
-211,1030
-211,1029
-210,1029
-209,1029
-208,1029
-207,1029
-206,1029
-205,1029
-205,1028
-204,1028
-203,1028
-202,1027
-201,1026
-200,1026
-199,1026
-198,1025
-197,1025
-196,1025
-195,1025
-194,1024
-193,1023
-192,1022
-191,1021
-190,1021
-189,1021
-188,1021
-187,1021
-186,1021
-185,1021
-184,1020
-185,1021
-184,1021
-183,1021
-182,1020
-181,1020
-180,1020
-180,1019
-179,1018
-178,1018
-177,1018
-177,1017
-176,1017
-175,1017
-174,1017
-173,1017
-172,1017
-173,1018
-172,1018
-171,1018
-170,1018
-169,1018
-168,1018
-167,1018
-166,1018
-165,1017
-164,1017
-163,1017
-162,1017
-162,1016
-161,1016
-161,1017
-160,1017
-159,1017
-158,1017
-157,1017
-156,1017
-156,1016
-156,1015
-156,1016
-155,1016
-154,1016
-153,1016
-152,1016
-151,1016
-150,1016
-149,1016
-148,1016
-147,1015
-146,1015
-146,1016
-147,1016
-146,1016
-145,1016
-144,1016
-143,1016
-142,1015
-141,1015
-140,1015
-139,1015
-139,1016
-138,1016
-137,1016
-136,1016
-135,1016
-134,1016
-135,1017
-134,1017
-134,1018
-133,1018
-132,1018
-131,1018
-131,1019
-132,1020
-131,1020
-130,1020
-131,1021
-131,1022
-130,1022
-129,1022
-128,1022
-127,1021
-126,1021
-125,1021
-124,1021
-124,1022
-123,1022
-124,1023
-124,1024
-123,1024
-122,1023
-121,1023
-120,1022
-120,1023
-119,1022
-119,1023
-118,1023
-118,1024
-117,1024
-116,1024
-115,1023
-114,1023
-113,1023
-112,1023
-111,1023
-112,1024
-112,1025
-111,1025
-111,1026
-110,1026
-110,1027
-109,1027
-108,1027
-107,1026
-108,1026
-108,1027
-107,1026
-106,1026
-107,1027
-107,1028
-106,1028
-106,1027
-106,1026
-106,1027
-105,1027
-104,1027
-104,1026
-103,1026
-104,1027
-103,1027
-102,1027
-101,1027
-100,1027
-100,1028
-100,1029
-100,1028
-100,1029
-100,1028
-100,1027
-100,1028
-99,1028
-99,1029
-98,1029
-98,1030
-99,1031
-100,1031
-100,1030
-100,1031
-100,1030
-100,1031
-100,1032
-100,1033
-101,1033
-100,1033
-100,1034
-100,1035
-99,1035
-99,1036
-98,1035
-99,1036
-99,1037
-99,1038
-98,1038
-98,1039
-98,1040
-99,1041
-99,1040
-99,1041
-98,1041
-98,1042
-97,1042
-97,1043
-96,1043
-96,1044
-96,1045
-95,1045
-95,1046
-94,1046
-93,1046
-93,1047
-92,1047
-92,1048
-91,1048
-90,1048
-90,1049
-91,1049
-90,1049
-91,1050
-91,1051
-91,1052
-91,1053
-90,1053
-90,1054
-90,1055
-90,1056
-89,1056
-90,1056
-90,1057
-90,1058
-90,1059
-90,1060
-89,1059
-90,1059
-90,1060
-89,1059
-89,1060
-90,1061
-89,1061
-89,1062
-88,1062
-87,1062
-87,1063
-88,1063
-88,1064
-87,1063
-87,1064
-87,1065
-88,1065
-89,1066
-89,1067
-89,1068
-88,1068
-88,1067
-88,1068
-88,1069
-88,1070
-88,1071
-88,1072
-88,1073
-88,1074
-88,1075
-88,1076
-88,1077
-88,1078
-88,1079
-87,1079
-87,1078
-87,1079
-87,1080
-87,1081
-87,1082
-87,1083
-88,1083
-89,1084
-89,1085
-89,1086
-89,1087
-89,1088
-89,1089
-90,1090
-90,1091
-90,1092
-90,1093
-89,1093
-88,1093
-88,1094
-87,1094
-88,1095
-88,1096
-88,1097
-89,1098
-89,1099
-88,1099
-88,1100
-88,1101
-89,1101
-89,1102
-89,1101
-89,1102
-90,1103
-90,1104
-89,1103
-89,1104
-89,1105
-89,1104
-89,1103
-88,1103
-87,1103
-88,1104
-88,1105
-89,1106
-90,1107
-90,1108
-90,1109
-90,1110
-91,1110
-90,1110
-90,1111
-90,1112
-90,1113
-90,1114
-90,1115
-90,1116
-90,1117
-90,1118
-90,1119
-90,1120
-90,1119
-89,1119
-88,1118
-89,1119
-89,1120
-90,1121
-90,1122
-89,1122
-88,1121
-89,1122
-90,1123
-90,1124
-90,1125
-90,1126
-89,1126
-90,1127
-90,1128
-90,1129
-90,1128
-90,1129
-91,1130
-91,1131
-91,1132
-92,1133
-91,1132
-92,1133
-92,1134
-91,1133
-91,1134
-91,1135
-91,1136
-92,1136
-93,1137
-94,1138
-94,1139
-94,1140
-94,1141
-95,1142
-96,1143
-97,1144
-97,1145
-97,1146
-97,1147
-97,1148
-97,1149
-96,1149
-96,1150
-96,1151
-97,1151
-97,1152
-97,1153
-97,1154
-97,1155
-98,1156
-98,1157
-99,1157
-99,1158
-99,1159
-98,1159
-98,1160
-97,1160
-98,1161
-97,1160
-98,1161
-97,1161
-97,1162
-98,1162
-99,1163
-99,1162
-99,1163
-99,1164
-99,1165
-99,1166
-100,1167
-100,1168
-101,1169
-101,1170
-101,1171
-102,1171
-102,1172
-101,1172
-101,1173
-102,1174
-101,1174
-101,1175
-102,1176
-103,1177
-104,1178
-105,1179
-105,1180
-106,1181
-107,1181
-107,1182
-108,1183
-108,1184
-108,1185
-109,1186
-110,1187
-111,1188
-112,1189
-112,1190
-111,1190
-112,1190
-113,1191
-113,1192
-113,1193
-112,1193
-113,1194
-114,1195
-115,1196
-116,1197
-117,1198
-118,1199
-118,1200
-117,1200
-117,1201
-118,1202
-119,1203
-120,1204
-121,1205
-122,1206
-123,1207
-124,1208
-125,1209
-126,1210
-127,1210
-127,1211
-128,1212
-129,1212
-130,1213
-131,1214
-131,1215
-132,1216
-132,1217
-133,1218
-134,1219
-133,1218
-133,1219
-133,1218
-133,1219
-133,1220
-134,1221
-135,1222
-136,1223
-137,1224
-138,1225
-139,1226
-139,1227
-140,1228
-141,1229
-142,1230
-143,1231
-144,1232
-145,1233
-146,1234
-147,1235
-147,1236
-148,1237
-149,1238
-149,1239
-150,1240
-151,1241
-152,1242
-151,1242
-152,1243
-152,1244
-153,1245
-154,1246
-153,1245
-153,1244
-154,1245
-155,1246
-154,1246
-153,1246
-154,1247
-155,1247
-156,1248
-157,1249
-156,1248
-155,1247
-156,1248
-157,1249
-158,1250
-159,1251
-160,1252
-160,1253
-160,1254
-161,1255
-162,1256
-161,1256
-161,1257
-162,1258
-161,1257
-162,1258
-163,1259
-164,1260
-165,1261
-166,1262
-167,1263
-168,1263
-169,1264
-170,1265
-170,1266
-171,1267
-172,1268
-172,1267
-173,1268
-174,1269
-174,1270
-175,1271
-175,1272
-176,1272
-177,1273
-178,1274
-179,1275
-180,1276
-181,1277
-182,1278
-183,1279
-183,1278
-184,1279
-183,1278
-184,1279
-185,1280
-186,1281
-187,1282
-186,1281
-187,1282
-188,1282
-189,1283
-190,1284
-191,1285
-192,1286
-193,1286
-194,1287
-195,1288
-196,1289
-197,1290
-198,1291
-199,1292
-200,1293
-201,1294
-202,1295
-203,1296
-204,1297
-205,1298
-206,1299
-207,1300
-206,1300
-207,1301
-208,1302
-209,1303
-210,1304
-211,1305
-210,1304
-211,1305
-212,1306
-212,1305
-213,1306
-214,1307
-215,1307
-216,1308
-217,1309
-218,1310
-219,1311
-220,1312
-221,1313
-222,1314
-223,1315
-224,1316
-224,1315
-224,1316
-225,1317
-226,1318
-227,1319
-228,1320
-228,1321
-229,1321
-230,1322
-231,1323
-232,1324
-233,1324
-234,1325
-235,1326
-236,1327
-237,1328
-237,1327
-238,1327
-239,1327
-239,1326
-239,1325
-240,1326
-240,1325
-241,1326
-240,1325
-241,1326
-242,1327
-243,1327
-244,1328
-245,1329
-246,1330
-247,1331
-248,1332
-249,1333
-250,1334
-251,1335
-252,1336
-253,1337
-252,1337
-253,1338
-254,1339
-255,1340
-256,1341
-257,1342
-258,1342
-258,1341
-259,1341
-260,1342
-261,1343
-260,1342
-261,1343
-262,1344
-263,1345
-264,1346
-265,1347
-266,1348
-267,1348
-267,1347
-268,1348
-267,1348
-268,1348
-269,1349
-270,1350
-271,1351
-271,1350
-272,1350
-273,1351
-274,1352
-275,1353
-276,1354
-277,1355
-278,1355
-277,1355
-278,1356
-277,1356
-278,1356
-279,1356
-280,1356
-281,1357
-282,1358
-283,1359
-284,1359
-283,1358
-284,1359
-284,1358
-285,1358
-284,1358
-285,1359
-286,1360
-287,1361
-288,1361
-287,1361
-288,1361
-288,1360
-289,1361
-290,1362
-291,1363
-292,1363
-293,1364
-294,1365
-295,1366
-295,1367
-296,1367
-297,1368
-298,1369
-298,1368
-299,1369
-298,1368
-299,1369
-300,1369
-301,1370
-302,1371
-303,1371
-303,1370
-304,1370
-305,1371
-306,1371
-306,1370
-307,1370
-308,1371
-309,1371
-310,1372
-310,1373
-311,1374
-312,1374
-313,1374
-314,1375
-315,1375
-316,1376
-317,1377
-317,1378
-318,1378
-319,1378
-320,1379
-321,1380
-322,1380
-322,1379
-323,1379
-322,1379
-322,1380
-323,1381
-324,1381
-325,1381
-326,1382
-327,1383
-328,1383
-328,1382
-329,1383
-330,1383
-331,1384
-331,1383
-332,1384
-333,1384
-334,1385
-335,1385
-336,1386
-337,1386
-338,1386
-339,1387
-340,1387
-341,1387
-342,1388
-343,1389
-344,1390
-343,1390
-344,1390
-345,1391
-346,1391
-347,1391
-348,1392
-349,1393
-350,1394
-349,1393
-350,1393
-351,1394
-352,1394
-352,1393
-351,1392
-352,1392
-353,1393
-354,1393
-355,1394
-356,1395
-357,1396
-356,1395
-357,1395
-358,1396
-359,1397
-360,1397
-359,1397
-360,1397
-361,1397
-361,1398
-362,1399
-362,1400
-362,1401
-363,1401
-364,1401
-365,1402
-366,1402
-367,1402
-368,1402
-369,1402
-370,1402
-370,1401
-370,1402
-371,1402
-372,1402
-373,1402
-373,1401
-374,1401
-373,1400
-373,1401
-374,1402
-375,1402
-376,1402
-375,1402
-376,1403
-377,1403
-378,1403
-378,1402
-379,1402
-380,1402
-381,1402
-382,1403
-383,1404
-384,1404
-385,1405
-386,1405
-386,1406
-387,1406
-388,1407
-388,1408
-387,1408
-388,1408
-389,1408
-390,1409
-391,1409
-391,1408
-392,1409
-393,1409
-394,1409
-395,1410
-395,1409
-396,1409
-396,1408
-397,1408
-398,1409
-399,1410
-400,1411
-401,1411
-402,1411
-403,1411
-404,1412
-404,1413
-404,1414
-405,1414
-405,1413
-406,1413
-406,1412
-407,1413
-406,1413
-407,1414
-408,1415
-409,1416
-410,1416
-411,1416
-412,1416
-411,1415
-412,1416
-413,1416
-414,1416
-415,1417
-415,1416
-416,1416
-417,1416
-418,1416
-419,1416
-420,1416
-421,1416
-422,1416
-423,1416
-424,1416
-425,1416
-426,1416
-425,1416
-426,1416
-427,1416
-428,1416
-429,1417
-430,1417
-431,1417
-432,1418
-433,1419
-434,1419
-435,1419
-436,1419
-437,1420
-437,1421
-438,1421
-439,1421
-440,1421
-441,1421
-440,1420
-441,1420
-440,1419
-441,1419
-442,1420
-443,1420
-444,1420
-445,1420
-446,1420
-445,1419
-446,1420
-445,1420
-446,1420
-447,1420
-448,1420
-449,1420
-450,1420
-451,1421
-452,1422
-453,1422
-454,1422
-455,1422
-456,1422
-456,1421
-457,1422
-458,1422
-458,1423
-459,1423
-460,1423
-459,1422
-460,1422
-461,1422
-462,1423
-463,1424
-464,1424
-465,1424
-466,1425
-467,1426
-468,1426
-469,1426
-470,1426
-469,1426
-469,1425
-470,1425
-471,1425
-471,1424
-472,1424
-473,1424
-474,1424
-475,1425
-476,1425
-477,1425
-478,1425
-479,1425
-480,1425
-481,1425
-481,1424
-480,1423
-480,1424
-481,1424
-481,1423
-482,1423
-483,1423
-484,1423
-485,1423
-486,1423
-487,1423
-486,1423
-485,1422
-486,1422
-487,1422
-488,1422
-489,1422
-490,1422
-490,1423
-491,1423
-492,1423
-492,1422
-493,1422
-493,1423
-494,1423
-495,1423
-496,1423
-497,1423
-498,1423
-499,1423
-500,1423
-499,1422
-498,1421
-499,1421
-500,1421
-501,1421
-502,1421
-501,1421
-502,1421
-503,1422
-504,1422
-505,1422
-506,1422
-507,1422
-508,1422
-509,1422
-509,1423
-508,1423
-507,1423
-508,1423
-509,1423
-510,1423
-511,1423
-512,1423
-513,1423
-514,1423
-515,1423
-514,1422
-515,1422
-516,1422
-515,1422
-516,1422
-517,1422
-518,1422
-519,1422
-520,1422
-521,1423
-522,1423
-523,1423
-524,1423
-523,1423
-524,1423
-524,1424
-525,1424
-526,1424
-527,1424
-526,1423
-527,1423
-528,1423
-529,1423
-530,1423
-529,1423
-530,1423
-531,1423
-532,1423
-531,1422
-531,1421
-532,1421
-533,1421
-532,1421
-533,1421
-534,1421
-535,1421
-535,1422
-536,1422
-537,1422
-538,1422
-539,1422
-540,1422
-539,1422
-539,1421
-540,1421
-541,1421
-540,1420
-539,1420
-540,1420
-541,1420
-542,1420
-543,1421
-542,1421
-543,1421
-543,1420
-543,1419
-544,1419
-544,1418
-544,1417
-544,1416
-545,1416
-546,1416
-546,1415
-547,1415
-546,1414
-547,1414
-548,1415
-549,1415
-549,1414
-550,1414
-549,1414
-549,1413
-550,1413
-550,1412
-551,1412
-551,1413
-552,1413
-553,1413
-554,1413
-555,1413
-556,1413
-557,1413
-558,1413
-557,1413
-557,1414
-558,1414
-558,1415
-559,1415
-559,1414
-560,1414
-561,1414
-561,1413
-562,1413
-561,1413
-560,1412
-561,1412
-561,1411
-561,1410
-562,1410
-562,1409
-563,1409
-564,1409
-563,1409
-563,1408
-564,1408
-565,1408
-566,1408
-567,1408
-567,1407
-568,1407
-569,1407
-570,1408
-571,1408
-572,1408
-572,1407
-573,1407
-573,1408
-573,1407
-573,1406
-574,1407
-573,1406
-574,1406
-575,1406
-574,1405
-575,1405
-576,1405
-577,1405
-576,1405
-576,1404
-577,1404
-578,1404
-578,1403
-579,1403
-580,1403
-581,1403
-582,1403
-582,1402
-583,1402
-583,1401
-583,1400
-582,1400
-583,1400
-584,1400
-584,1399
-583,1399
-583,1398
-582,1397
-583,1397
-582,1397
-582,1396
-582,1395
-583,1395
-584,1395
-584,1394
-585,1395
-585,1396
-584,1396
-585,1396
-586,1396
-586,1395
-586,1394
-587,1395
-588,1396
-589,1396
-590,1396
-591,1396
-592,1396
-593,1396
-594,1396
-593,1396
-593,1395
-594,1395
-594,1394
-595,1394
-595,1393
-595,1392
-596,1392
-596,1391
-597,1391
-597,1390
-598,1390
-599,1390
-599,1389
-600,1389
-599,1388
-600,1388
-601,1389
-602,1390
-601,1390
-600,1390
-601,1390
-602,1390
-603,1390
-604,1390
-604,1389
-604,1388
-605,1388
-606,1388
-607,1388
-608,1388
-609,1388
-610,1389
-609,1388
-610,1389
-611,1389
-612,1389
-613,1389
-613,1390
-613,1389
-614,1389
-615,1389
-614,1388
-615,1388
-616,1388
-616,1387
-617,1388
-618,1388
-618,1387
-618,1386
-619,1386
-620,1386
-621,1386
-621,1385
-622,1385
-622,1384
-623,1384
-624,1384
-624,1385
-625,1385
-625,1384
-626,1384
-626,1383
-627,1383
-626,1383
-626,1382
-626,1381
-627,1381
-628,1381
-629,1381
-629,1380
-629,1379
-630,1379
-630,1378
-631,1378
-631,1377
-631,1376
-630,1375
-630,1374
-631,1374
-631,1373
-631,1372
-632,1372
-631,1371
-632,1371
-633,1372
-633,1371
-634,1371
-634,1370
-634,1369
-634,1368
-634,1367
-634,1366
-634,1365
-634,1364
-634,1365
-635,1365
-636,1365
-637,1365
-638,1365
-638,1364
-639,1365
-639,1364
-639,1363
-640,1363
-640,1362
-641,1362
-642,1362
-642,1361
-643,1361
-642,1360
-643,1360
-644,1360
-644,1359
-644,1358
-645,1358
-645,1357
-645,1356
-645,1355
-645,1354
-645,1353
-646,1353
-647,1354
-647,1353
-646,1353
-647,1353
-647,1352
-648,1352
-649,1352
-649,1351
-649,1350
-649,1349
-650,1349
-651,1349
-651,1348
-651,1347
-651,1346
-652,1346
-653,1347
-652,1346
-652,1345
-652,1344
-652,1343
-653,1343
-653,1342
-653,1341
-654,1341
-654,1340
-653,1339
-653,1338
-652,1337
-651,1336
-652,1336
-652,1335
-652,1334
-653,1335
-654,1335
-654,1334
-654,1333
-654,1332
-655,1332
-655,1331
-654,1331
-655,1331
-656,1331
-657,1331
-657,1330
-657,1329
-657,1328
-657,1327
-657,1326
-657,1325
-658,1325
-658,1324
-659,1324
-660,1324
-660,1323
-660,1322
-660,1321
-660,1320
-661,1320
-661,1319
-661,1318
-660,1318
-659,1318
-660,1319
-659,1319
-659,1320
-659,1319
-660,1319
-660,1318
-660,1317
-661,1318
-661,1317
-661,1318
-662,1318
-661,1318
-661,1317
-661,1316
-662,1316
-663,1316
-663,1315
-663,1314
-663,1315
-663,1314
-662,1314
-662,1313
-663,1313
-663,1314
-663,1313
-664,1313
-665,1313
-665,1312
-666,1312
-667,1312
-668,1312
-667,1311
-666,1310
-666,1309
-666,1308
-666,1307
-667,1307
-666,1307
-666,1306
-666,1305
-666,1304
-666,1303
-666,1304
-667,1304
-668,1304
-668,1303
-668,1304
-668,1303
-668,1302
-668,1301
-668,1300
-669,1301
-668,1300
-668,1299
-669,1299
-670,1299
-670,1298
-670,1297
-670,1296
-669,1296
-670,1297
-670,1296
-670,1295
-670,1294
-670,1295
-671,1295
-671,1294
-671,1293
-671,1292
-671,1291
-671,1290
-671,1289
-671,1288
-671,1287
-671,1286
-670,1286
-670,1285
-670,1284
-670,1283
-670,1282
-670,1281
-671,1281
-672,1281
-672,1280
-671,1279
-672,1280
-672,1279
-672,1278
-671,1277
-671,1276
-671,1275
-672,1276
-673,1277
-673,1276
-673,1275
-673,1274
-674,1275
-674,1274
-674,1273
-673,1273
-674,1273
-674,1272
-674,1271
-674,1270
-674,1269
-675,1269
-676,1269
-676,1268
-676,1267
-676,1266
-676,1265
-676,1264
-676,1263
-676,1262
-676,1261
-676,1260
-676,1259
-676,1258
-676,1257
-675,1256
-675,1255
-674,1255
-675,1255
-675,1254
-675,1255
-675,1254
-675,1253
-675,1252
-675,1251
-676,1251
-675,1250
-676,1250
-675,1250
-675,1249
-676,1249
-675,1249
-675,1248
-675,1249
-675,1248
-675,1249
-675,1248
-674,1247
-674,1246
-674,1245
-674,1244
-675,1244
-675,1243
-674,1242
-674,1241
-674,1240
-674,1239
-673,1239
-673,1238
-673,1237
-673,1236
-673,1235
-673,1234
-673,1233
-673,1232
-673,1231
-673,1230
-674,1230
-674,1229
-674,1228
-674,1227
-674,1226
-674,1225
-674,1224
-673,1223
-674,1223
-674,1222
-674,1221
-674,1222
-674,1221
-674,1220
-674,1219
-674,1218
-675,1219
-675,1218
-675,1217
-676,1217
-676,1216
-676,1217
-675,1216
-676,1217
-676,1216
-677,1216
-677,1215
-677,1214
-677,1213
-676,1213
-675,1212
-675,1211
-674,1210
-674,1209
-674,1208
-674,1207
-675,1208
-676,1209
-675,1208
-675,1209
-675,1208
-675,1207
-675,1206
-675,1205
-675,1204
-674,1204
-673,1203
-672,1202
-673,1203
-673,1202
-673,1201
-673,1200
-673,1199
-673,1198
-673,1197
-673,1196
-673,1195
-674,1196
-673,1195
-674,1196
-674,1195
-674,1196
-674,1195
-674,1194
-673,1194
-673,1195
-673,1196
-672,1195
-672,1194
-672,1193
-672,1192
-672,1191
-672,1190
-671,1189
-672,1189
-671,1189
-671,1188
-671,1187
-671,1186
-671,1185
-671,1184
-671,1183
-671,1182
-671,1181
-670,1180
-671,1181
-671,1180
-671,1179
-670,1178
-671,1179
-671,1178
-672,1178
-672,1177
-671,1176
-671,1175
-671,1174
-671,1173
-671,1172
-671,1171
-671,1170
-671,1169
-671,1170
-671,1169
-670,1168
-669,1168
-668,1167
-667,1166
-667,1165
-667,1164
-667,1163
-667,1162
-666,1161
-666,1160
-666,1159
-665,1158
-664,1157
-664,1156
-664,1155
-664,1154
-663,1153
-664,1153
-664,1152
-664,1151
-664,1150
-665,1150
-664,1149
-664,1148
-664,1147
-665,1148
-664,1148
-664,1149
-665,1150
-666,1151
-665,1150
-665,1149
-665,1148
-664,1147
-664,1146
-664,1145
-663,1145
-663,1144
-663,1143
-663,1144
-663,1143
-663,1142
-663,1143
-663,1142
-663,1141
-664,1141
-664,1140
-664,1139
-664,1138
-664,1137
-664,1136
-663,1136
-662,1135
-662,1134
-663,1134
-664,1135
-664,1134
-664,1133
-664,1132
-665,1132
-665,1133
-664,1133
-665,1134
-665,1133
-664,1132
-663,1132
-663,1131
-663,1130
-663,1129
-662,1129
-661,1128
-661,1127
-661,1128
-662,1129
-662,1128
-662,1127
-662,1126
-662,1125
-662,1124
-662,1123
-662,1122
-662,1121
-662,1120
-661,1119
-660,1118
-661,1118
-661,1117
-661,1116
-661,1115
-661,1114
-660,1113
-659,1112
-659,1111
-659,1112
-659,1111
-659,1110
-659,1109
-659,1108
-659,1107
-659,1106
-658,1105
-657,1104
-657,1103
-657,1102
-657,1101
-656,1100
-655,1099
-654,1098
-654,1097
-653,1097
-653,1096
-653,1095
-653,1094
-654,1095
-654,1094
-655,1094
-655,1093
-655,1092
-655,1091
-656,1092
-656,1091
-657,1092
-657,1091
-657,1090
-656,1089
-656,1088
-656,1087
-656,1086
-656,1085
-655,1085
-655,1084
-655,1083
-655,1082
-655,1081
-655,1080
-656,1080
-656,1081
-656,1080
-656,1079
-656,1078
-656,1077
-655,1076
-654,1075
-654,1074
-654,1073
-654,1074
-654,1073
-655,1074
-656,1074
-655,1073
-655,1072
-655,1071
-654,1070
-655,1071
-655,1070
-655,1069
-655,1068
-654,1067
-655,1067
-654,1066
-654,1065
-654,1064
-654,1063
-654,1062
-653,1061
-652,1060
-652,1059
-652,1058
-652,1057
-652,1056
-653,1057
-652,1056
-651,1055
-651,1054
-650,1053
-649,1053
-649,1052
-649,1051
-648,1050
-648,1049
-647,1048
-647,1047
-648,1047
-649,1047
-649,1046
-649,1045
-649,1044
-649,1043
-649,1042
-648,1041
-648,1040
-647,1039
-646,1038
-645,1037
-645,1036
-644,1036
-644,1035
-645,1036
-645,1035
-644,1034
-643,1033
-644,1034
-644,1033
-644,1032
-643,1032
-643,1031
-643,1030
-643,1029
-643,1028
-644,1028
-644,1027
-644,1028
-644,1027
-644,1026
-644,1025
-644,1024
-645,1024
-644,1023
-644,1022
-644,1021
-645,1022
-645,1021
-644,1021
-643,1020
-642,1019
-642,1018
-642,1017
-642,1016
-641,1015
-641,1014
-641,1013
-641,1012
-640,1011
-641,1011
-640,1010
-640,1011
-641,1011
-642,1011
-641,1010
-641,1009
-641,1008
-641,1007
-641,1006
-641,1005
-641,1004
-641,1003
-641,1002
-640,1002
-639,1001
-640,1002
-641,1002
-640,1002
-640,1001
-640,1000
-640,999
-640,998
-641,998
-642,999
-641,998
-641,997
-641,998
-642,999
-641,998
-640,997
-639,996
-639,995
-639,994
-639,993
-638,992
-638,991
-637,990
-636,989
-636,988
-635,987
-635,986
-634,985
-633,984
-634,984
-635,985
-634,984
-633,983
-633,982
-632,981
-632,980
-631,979
-632,980
-631,980
-631,979
-630,978
-630,977
-629,976
-630,976
-630,975
-630,974
-629,973
-629,972
-629,973
-630,974
-630,973
-629,972
-629,971
-628,971
-629,971
-629,970
-629,969
-629,968
-629,969
-628,968
-628,967
-627,966
-627,965
-628,965
-627,964
-627,963
-628,963
-627,962
-627,961
-627,960
-626,959
-625,958
-624,957
-624,956
-625,956
-624,955
-623,954
-623,953
-623,952
-623,951
-623,950
-623,951
-622,950
-622,949
-621,948
-622,949
-623,950
-623,949
-622,948
-622,947
-622,946
-622,945
-621,944
-621,943
-620,942
-619,942
-618,941
-618,940
-617,939
-616,938
-615,937
-614,936
-615,936
-614,935
-613,934
-612,933
-611,932
-610,931
-609,930
-609,931
-609,930
-608,929
-607,928
-607,929
-608,930
-608,929
-608,928
-608,927
-608,926
-609,927
-608,926
-608,925
-608,924
-607,923
-607,922
-607,921
-608,922
-609,922
-608,921
-608,920
-608,919
-608,918
-607,917
-606,916
-606,915
-605,914
-605,913
-604,912
-604,911
-605,911
-604,910
-603,909
-603,908
-603,907
-602,906
-601,905
-600,904
-599,904
-599,905
-599,904
-599,903
-598,902
-597,901
-596,900
-595,899
-595,898
-595,897
-594,896
-593,895
-593,894
-592,893
-592,892
-592,891
-591,890
-592,890
-591,889
-591,888
-590,887
-589,886
-589,885
-590,885
-589,884
-589,883
-590,883
-591,883
-590,882
-590,881
-590,880
-590,879
-589,878
-590,878
-590,877
-589,876
-588,875
-587,874
-586,873
-587,873
-586,872
-586,871
-586,870
-585,869
-584,868
-584,867
-584,866
-584,865
-584,864
-583,864
-582,864
-582,863
-582,862
-581,861
-580,860
-579,859
-579,858
-578,857
-577,856
-576,855
-575,854
-574,853
-573,852
-573,851
-572,850
-571,849
-570,848
-570,849
-569,848
-568,847
-568,846
-567,845
-568,845
-567,844
-566,843
-565,842
-564,842
-563,841
-562,840
-561,839
-560,838
-559,837
-560,838
-559,837
-558,836
-557,835
-556,834
-555,833
-554,832
-554,831
-555,832
-554,831
-553,830
-552,829
-552,828
-551,827
-550,826
-550,825
-549,824
-549,823
-549,822
-548,822
-549,822
-548,821
-547,820
-546,819
-546,818
-546,817
-545,816
-544,815
-544,814
-543,813
-542,812
-542,811
-541,810
-541,811
-540,810
-539,809
-539,808
-539,807
-538,806
-537,805
-536,805
-535,804
-534,803
-534,804
-534,805
-533,805
-533,804
-532,803
-531,802
-531,801
-531,802
-531,801
-532,801
-532,802
-531,801
-531,800
-530,799
-529,798
-528,797
-527,796
-527,795
-527,796
-526,795
-525,794
-524,793
-523,792
-523,791
-522,790
-521,789
-520,788
-521,789
-520,788
-519,787
-519,786
-518,785
-517,784
-516,783
-515,782
-516,782
-515,782
-515,781
-514,780
-514,779
-513,778
-512,777
-511,776
-510,775
-510,776
-509,775
-508,774
-507,773
-506,772
-505,771
-504,770
-503,769
-502,768
-501,767
-500,766
-499,765
-498,764
-497,763
-496,762
-497,762
-498,762
-497,761
-496,760
-495,759
-496,760
-496,759
-497,760
-496,759
-495,758
-494,757
-493,756
-492,755
-491,754
-491,753
-491,752
-490,751
-489,750
-490,751
-489,750
-488,749
-489,750
-490,751
-489,750
-488,749
-488,748
-487,747
-488,747
-487,746
-486,745
-485,744
-484,743
-484,744
-483,744
-482,743
-482,742
-481,741
-480,740
-479,739
-478,738
-477,737
-476,736
-475,735
-474,734
-475,734
-475,733
-474,732
-473,731
-474,731
-473,730
-472,729
-471,728
-470,727
-469,726
-468,725
-467,724
-466,723
-465,722
-464,721
-464,720
-463,719
-462,718
-461,717
-460,717
-461,718
-461,717
-460,716
-459,715
-458,714
-457,713
-456,713
-455,712
-455,711
-454,710
-453,709
-452,708
-451,707
-450,706
-449,705
-450,706
-449,705
-449,704
-448,703
-447,702
-446,701
-445,700
-445,699
-444,698
-443,697
-443,698
-442,697
-441,696
-440,695
-441,695
-440,694
-441,694
-440,693
-439,692
-439,693
-438,692
-437,691
-436,690
-436,689
-435,688
-434,687
-435,687
-434,687
-435,687
-435,686
-434,685
-433,684
-432,683
-431,682
-432,682
-431,681
-431,680
-430,679
-429,678
-428,677
-427,676
-426,675
-426,674
-425,673
-424,672
-423,671
-422,670
-423,671
-422,671
-423,672
-422,671
-421,670
-421,671
-420,670
